participant,scenario,lateral,mmv_type,mmv_number,density,lateral_clearance,longitudinal_distance,average_speed,deceleration,acceleration,mean_acceleration,TTC,file,age,gender,Violations,Errors,Lapses,Aggressive,Positive,Q1,Q2,Q3,accident,age_group
30,1,0.000,Bike,1,A,0.951,16.088,1.041,-0.166,0.141,0.078,0.260,../cleaned/01/01-1Bike0A_20251111_113617_30.csv,49,Female,0.250,0.250,0.000,0.000,3.000,1.500,1.500,0.500,1,adult
4,1,0.000,Bike,1,A,0.903,11.192,1.126,-0.371,0.183,0.094,0.273,../cleaned/01/01-1Bike0A_20251030_163141_4.csv,47,Male,1.750,2.000,1.000,1.000,2.750,2.000,2.000,1.000,1,adult
32,1,0.000,Bike,1,A,1.019,17.151,1.103,-0.182,0.123,0.063,0.260,../cleaned/01/01-1Bike0A_20251110_085352_32.csv,20,Female,4.000,2.500,3.000,0.500,2.250,5.000,6.500,6.500,1,young
8,1,0.000,Bike,1,A,1.013,24.189,0.982,-0.305,0.146,0.081,0.284,../cleaned/01/01-1Bike0A_20251104_154521_8.csv,24,Male,2.750,1.250,1.750,0.000,2.250,2.000,2.500,1.000,0,young
16,1,0.000,Bike,1,A,0.897,24.609,1.162,-0.281,0.336,0.139,0.240,../cleaned/01/01-1Bike0A_20251107_163410_16.csv,36,Male,2.500,0.500,0.250,0.000,2.500,1.000,1.000,0.000,1,adult
14,1,0.000,Bike,1,A,1.057,22.951,0.840,-0.250,0.143,0.080,0.300,../cleaned/01/01-1Bike0A_20251106_161553_14.csv,20,Female,2.250,1.250,1.250,0.000,4.000,1.500,1.500,1.000,0,young
4,1,0.000,Bike,1,A,0.937,17.733,0.962,-0.278,0.085,0.056,0.262,../cleaned/01/01-1Bike0A_20251030_161645_4.csv,47,Male,1.750,2.000,1.000,1.000,2.750,2.000,2.000,1.000,1,adult
24,1,0.000,Bike,1,A,0.807,23.542,1.022,-0.129,0.078,0.058,0.231,../cleaned/01/01-1Bike0A_20251112_134945_24.csv,32,Male,0.250,0.250,0.000,0.000,3.500,1.000,1.000,0.000,0,young
17,1,0.000,Bike,1,A,0.739,18.344,1.221,-0.587,0.212,0.141,0.204,../cleaned/01/01-1Bike0A_20251104_162236_17.csv,25,Male,1.250,1.000,0.000,0.250,3.250,4.000,3.500,2.000,1,young
12,1,0.000,Bike,1,A,1.221,17.240,1.133,-0.255,0.121,0.075,0.358,../cleaned/01/01-1Bike0A_20251105_163329_12.csv,60,Female,3.500,1.000,0.000,0.750,2.750,2.500,2.500,3.000,0,adult
22,1,0.000,Bike,1,A,0.902,22.532,0.774,-0.143,0.233,0.069,0.275,../cleaned/01/01-1Bike0A_20251104_143315_22.csv,29,Female,3.000,2.000,2.000,0.500,2.750,4.000,4.000,17.500,1,young
18,1,0.000,Bike,1,A,1.184,23.905,1.268,-0.187,0.089,0.059,0.314,../cleaned/01/01-1Bike0A_20251107_121730_18.csv,37,Female,1.500,0.000,0.000,0.000,3.750,1.000,2.000,2.000,1,adult
25,1,0.000,Bike,1,A,1.143,24.417,1.175,-0.122,0.031,0.041,0.310,../cleaned/01/01-1Bike0A_20251112_113522_25.csv,39,Male,1.000,0.750,0.000,0.750,4.000,3.500,4.000,4.000,1,adult
11,1,0.000,Bike,1,A,0.905,22.580,1.153,-0.180,0.131,0.089,0.256,../cleaned/01/01-1Bike0A_20251106_085439_11.csv,62,Female,0.500,0.750,0.500,0.500,2.500,2.000,3.000,2.500,1,adult
32,1,0.000,Bike,1,A,0.874,23.246,1.156,-0.191,0.165,0.094,0.253,../cleaned/01/01-1Bike0A_20251110_091429_32.csv,20,Female,4.000,2.500,3.000,0.500,2.250,5.000,6.500,6.500,1,young
26,1,0.000,Bike,1,A,0.908,21.592,0.860,-0.247,0.096,0.056,0.251,../cleaned/01/01-1Bike0A_20251111_142040_26.csv,32,Female,2.500,0.750,0.250,0.500,3.500,2.000,3.000,4.500,1,young
9,1,0.000,Bike,1,A,1.033,19.491,1.036,-0.438,0.171,0.106,0.309,../cleaned/01/01-1Bike0A_20251104_083717_9.csv,41,Male,3.250,0.750,0.250,0.250,2.750,1.500,2.000,1.000,1,adult
11,1,0.000,Bike,1,A,1.209,24.350,1.065,-0.185,0.141,0.068,0.347,../cleaned/01/01-1Bike0A_20251106_084126_11.csv,62,Female,0.500,0.750,0.500,0.500,2.500,2.000,3.000,2.500,1,adult
21,1,0.000,Bike,1,A,1.071,17.483,1.111,-0.353,0.157,0.114,0.311,../cleaned/01/01-1Bike0A_20251110_111150_21.csv,40,Female,1.333,0.750,0.000,0.000,3.000,3.000,3.000,3.000,0,adult
1,1,0.000,Bike,1,A,0.952,25.768,1.325,-0.339,0.206,0.120,0.255,../cleaned/01/01-1Bike0A_20251029_181243_1.csv,30,Male,2.750,0.750,0.250,0.750,3.250,2.000,2.000,3.500,0,young
27,1,0.000,Bike,1,A,0.896,9.273,1.099,-0.443,0.201,0.114,0.245,../cleaned/01/01-1Bike0A_20251110_141257_27.csv,34,Male,1.250,0.250,0.000,0.000,4.000,5.000,5.500,2.000,1,young
29,1,0.000,Bike,1,A,0.910,8.559,0.970,-0.535,0.288,0.124,0.274,../cleaned/01/01-1Bike0A_20251111_162708_29.csv,35,Female,1.750,0.500,0.000,0.250,4.000,1.500,2.000,1.000,1,adult
6,1,0.000,Bike,1,A,0.973,23.174,1.313,-0.171,0.107,0.078,0.262,../cleaned/01/01-1Bike0A_20251031_122309_6.csv,30,Female,0.500,0.000,0.000,0.000,4.750,1.000,1.000,0.000,1,young
7,1,0.000,Bike,1,A,1.312,22.782,1.243,-0.277,0.094,0.083,0.345,../cleaned/01/01-1Bike0A_20251107_142837_7.csv,21,Male,3.250,1.500,0.750,0.250,3.000,3.500,3.500,10.000,1,young
6,1,0.000,Bike,1,A,0.907,21.838,1.108,-0.081,0.095,0.048,0.257,../cleaned/01/01-1Bike0A_20251031_123135_6.csv,30,Female,0.500,0.000,0.000,0.000,4.750,1.000,1.000,0.000,1,young
26,1,0.000,Bike,1,A,0.952,17.653,0.751,-0.248,0.156,0.095,0.282,../cleaned/01/01-1Bike0A_20251111_135650_26.csv,32,Female,2.500,0.750,0.250,0.500,3.500,2.000,3.000,4.500,1,young
20,1,0.000,Bike,1,A,1.055,20.981,0.944,-0.108,0.163,0.060,0.284,../cleaned/01/01-1Bike0A_20251106_121451_20.csv,39,Male,3.000,0.750,0.000,1.250,3.500,2.500,2.500,2.000,0,adult
1,1,0.000,Bike,1,A,1.311,25.909,1.232,-0.087,0.071,0.045,0.371,../cleaned/01/01-1Bike0A_20251029_183309_1.csv,30,Male,2.750,0.750,0.250,0.750,3.250,2.000,2.000,3.500,0,young
30,1,0.000,Bike,1,A,1.037,25.768,0.919,-0.194,0.156,0.093,0.287,../cleaned/01/01-1Bike0A_20251111_111945_30.csv,49,Female,0.250,0.250,0.000,0.000,3.000,1.500,1.500,0.500,1,adult
5,1,0.000,Bike,1,A,1.385,17.568,0.807,-0.452,0.147,0.103,0.424,../cleaned/01/01-1Bike0A_20251031_105547_5.csv,53,Female,1.000,0.750,1.500,0.000,2.500,1.000,1.000,0.000,0,adult
23,1,0.000,Bike,1,A,1.167,22.786,1.055,-0.176,0.077,0.066,0.330,../cleaned/01/01-1Bike0A_20251110_160535_23.csv,27,Male,3.500,0.750,0.000,0.000,3.250,2.500,2.500,1.500,1,young
20,1,0.000,Bike,1,A,0.963,16.793,0.961,-0.359,0.187,0.100,0.262,../cleaned/01/01-1Bike0A_20251106_123343_20.csv,39,Male,3.000,0.750,0.000,1.250,3.500,2.500,2.500,2.000,0,adult
27,1,0.000,Bike,1,A,0.846,24.913,1.134,-0.488,0.131,0.116,0.239,../cleaned/01/01-1Bike0A_20251110_144056_27.csv,34,Male,1.250,0.250,0.000,0.000,4.000,5.000,5.500,2.000,1,young
14,1,0.000,Bike,1,A,1.184,24.147,1.018,-0.224,0.160,0.070,0.337,../cleaned/01/01-1Bike0A_20251106_162932_14.csv,20,Female,2.250,1.250,1.250,0.000,4.000,1.500,1.500,1.000,0,young
17,1,0.000,Bike,1,A,0.564,22.362,1.487,-0.152,0.084,0.056,0.163,../cleaned/01/01-1Bike0A_20251104_161133_17.csv,25,Male,1.250,1.000,0.000,0.250,3.250,4.000,3.500,2.000,1,young
23,1,0.000,Bike,1,A,0.977,24.470,1.062,-0.185,0.176,0.090,0.280,../cleaned/01/01-1Bike0A_20251110_162031_23.csv,27,Male,3.500,0.750,0.000,0.000,3.250,2.500,2.500,1.500,1,young
3,1,0.000,Bike,1,A,0.989,20.181,1.272,-0.357,0.152,0.122,0.257,../cleaned/01/01-1Bike0A_20251030_143822_3.csv,23,Male,2.500,0.750,0.500,0.500,3.750,1.000,1.500,1.000,1,young
3,1,0.000,Bike,1,A,0.976,19.767,1.355,-0.272,0.154,0.097,0.289,../cleaned/01/01-1Bike0A_20251030_141929_3.csv,23,Male,2.500,0.750,0.500,0.500,3.750,1.000,1.500,1.000,1,young
13,1,0.000,Bike,1,A,1.125,23.009,1.416,-0.307,0.197,0.130,0.284,../cleaned/01/01-1Bike0A_20251106_144236_13.csv,51,Female,2.750,1.250,0.750,0.500,4.750,1.000,1.500,10.000,0,adult
7,1,0.000,Bike,1,A,0.971,22.093,0.903,-0.192,0.215,0.096,0.262,../cleaned/01/01-1Bike0A_20251107_141909_7.csv,21,Male,3.250,1.500,0.750,0.250,3.000,3.500,3.500,10.000,1,young
22,1,0.000,Bike,1,A,0.934,22.439,1.095,-0.168,0.064,0.041,0.255,../cleaned/01/01-1Bike0A_20251104_145744_22.csv,29,Female,3.000,2.000,2.000,0.500,2.750,4.000,4.000,17.500,1,young
8,1,0.000,Bike,1,A,1.054,23.459,0.945,-0.367,0.141,0.089,0.313,../cleaned/01/01-1Bike0A_20251104_152321_8.csv,24,Male,2.750,1.250,1.750,0.000,2.250,2.000,2.500,1.000,0,young
9,1,0.000,Bike,1,A,1.069,20.797,1.081,-0.377,0.162,0.105,0.292,../cleaned/01/01-1Bike0A_20251104_084811_9.csv,41,Male,3.250,0.750,0.250,0.250,2.750,1.500,2.000,1.000,1,adult
5,1,0.000,Bike,1,A,1.037,24.708,0.677,-0.212,0.166,0.077,0.284,../cleaned/01/01-1Bike0A_20251031_110906_5.csv,53,Female,1.000,0.750,1.500,0.000,2.500,1.000,1.000,0.000,0,adult
10,1,0.000,Bike,1,A,0.949,20.287,0.826,-0.220,0.205,0.085,0.283,../cleaned/01/01-1Bike0A_20251104_123027_10.csv,26,Male,1.500,0.750,0.000,0.250,2.250,3.000,3.000,2.500,0,young
31,1,0.000,Bike,1,A,0.977,17.594,0.786,-0.273,0.138,0.076,0.294,../cleaned/01/01-1Bike0A_20251111_092326_31.csv,34,Female,1.000,0.250,0.000,0.000,2.250,2.000,2.500,1.500,0,young
12,1,0.000,Bike,1,A,1.098,17.122,1.174,-0.379,0.100,0.088,0.302,../cleaned/01/01-1Bike0A_20251105_161909_12.csv,60,Female,3.500,1.000,0.000,0.750,2.750,2.500,2.500,3.000,0,adult
18,1,0.000,Bike,1,A,1.015,23.508,1.288,-0.183,0.070,0.079,0.290,../cleaned/01/01-1Bike0A_20251107_120338_18.csv,37,Female,1.500,0.000,0.000,0.000,3.750,1.000,2.000,2.000,1,adult
21,1,0.000,Bike,1,A,0.804,21.864,0.789,-0.168,0.320,0.140,0.266,../cleaned/01/01-1Bike0A_20251110_105335_21.csv,40,Female,1.333,0.750,0.000,0.000,3.000,3.000,3.000,3.000,0,adult
29,1,0.000,Bike,1,A,1.053,15.638,0.997,-0.327,0.184,0.128,0.307,../cleaned/01/01-1Bike0A_20251111_164615_29.csv,35,Female,1.750,0.500,0.000,0.250,4.000,1.500,2.000,1.000,1,adult
10,1,0.000,Bike,1,A,0.869,14.703,0.944,-0.119,0.180,0.080,0.254,../cleaned/01/01-1Bike0A_20251104_124555_10.csv,26,Male,1.500,0.750,0.000,0.250,2.250,3.000,3.000,2.500,0,young
28,1,0.000,Bike,1,A,1.198,24.637,1.054,-0.258,0.251,0.110,0.330,../cleaned/01/01-1Bike0A_20251105_085845_28.csv,25,Male,4.250,2.000,0.000,2.250,0.750,2.000,2.000,1.500,1,young
31,1,0.000,Bike,1,A,0.910,18.186,0.936,-0.185,0.085,0.048,0.260,../cleaned/01/01-1Bike0A_20251111_094522_31.csv,34,Female,1.000,0.250,0.000,0.000,2.250,2.000,2.500,1.500,0,young
25,1,0.000,Bike,1,A,1.043,24.688,1.193,-0.174,0.098,0.082,0.299,../cleaned/01/01-1Bike0A_20251112_111611_25.csv,39,Male,1.000,0.750,0.000,0.750,4.000,3.500,4.000,4.000,1,adult
28,1,0.000,Bike,1,A,1.165,24.571,1.034,-0.832,0.431,0.187,0.337,../cleaned/01/01-1Bike0A_20251105_083838_28.csv,25,Male,4.250,2.000,0.000,2.250,0.750,2.000,2.000,1.500,1,young
16,1,0.000,Bike,1,A,1.112,25.371,1.265,-0.160,0.081,0.065,0.300,../cleaned/01/01-1Bike0A_20251107_162610_16.csv,36,Male,2.500,0.500,0.250,0.000,2.500,1.000,1.000,0.000,1,adult
22,1,0.000,Bike,1,A,1.084,18.755,0.892,-0.172,0.107,0.067,0.334,../cleaned/01/01-1Bike0A_20251104_144052_22.csv,29,Female,3.000,2.000,2.000,0.500,2.750,4.000,4.000,17.500,1,young
13,1,0.000,Bike,1,A,1.083,18.013,1.234,-0.262,0.111,0.066,0.286,../cleaned/01/01-1Bike0A_20251106_142843_13.csv,51,Female,2.750,1.250,0.750,0.500,4.750,1.000,1.500,10.000,0,adult
7,2,0.000,Bike,1,B,1.331,23.487,1.240,-0.106,0.034,0.046,0.313,../cleaned/02/02-1Bike0B_20251107_144048_7.csv,21,Male,3.250,1.500,0.750,0.250,3.000,5.000,5.500,14.000,1,young
7,2,0.000,Bike,1,B,1.234,25.197,1.172,-0.241,0.202,0.111,0.355,../cleaned/02/02-1Bike0B_20251107_141448_7.csv,21,Male,3.250,1.500,0.750,0.250,3.000,5.000,5.500,14.000,1,young
8,2,0.000,Bike,1,B,0.989,25.817,1.194,-0.170,0.235,0.085,0.285,../cleaned/02/02-1Bike0B_20251104_155426_8.csv,24,Male,2.750,1.250,1.750,0.000,2.250,5.000,4.500,1.500,0,young
14,2,0.000,Bike,1,B,0.957,21.741,0.877,-0.157,0.279,0.072,0.281,../cleaned/02/02-1Bike0B_20251106_161143_14.csv,20,Female,2.250,1.250,1.250,0.000,4.000,1.500,2.000,1.000,0,young
10,2,0.000,Bike,1,B,0.839,13.929,0.903,-0.222,0.139,0.098,0.239,../cleaned/02/02-1Bike0B_20251104_124658_10.csv,26,Male,1.500,0.750,0.000,0.250,2.250,2.000,1.500,0.500,0,young
11,2,0.000,Bike,1,B,1.152,16.701,0.918,-0.223,0.220,0.091,0.316,../cleaned/02/02-1Bike0B_20251106_083027_11.csv,62,Female,0.500,0.750,0.500,0.500,2.500,3.000,3.000,3.000,1,adult
12,2,0.000,Bike,1,B,1.053,20.744,1.426,-0.139,0.060,0.068,0.277,../cleaned/02/02-1Bike0B_20251105_162202_12.csv,60,Female,3.500,1.000,0.000,0.750,2.750,3.000,3.500,3.500,0,adult
17,2,0.000,Bike,1,B,0.873,23.338,1.428,-0.255,0.206,0.107,0.237,../cleaned/02/02-1Bike0B_20251104_163911_17.csv,25,Male,1.250,1.000,0.000,0.250,3.250,5.500,4.000,2.500,1,young
12,2,0.000,Bike,1,B,1.259,25.251,1.122,-0.598,0.205,0.135,0.389,../cleaned/02/02-1Bike0B_20251105_164432_12.csv,60,Female,3.500,1.000,0.000,0.750,2.750,3.000,3.500,3.500,0,adult
32,2,0.000,Bike,1,B,0.826,13.349,1.153,-0.219,0.218,0.096,0.219,../cleaned/02/02-1Bike0B_20251110_085056_32.csv,20,Female,4.000,2.500,3.000,0.500,2.250,5.000,5.000,7.500,1,young
22,2,0.000,Bike,1,B,1.115,18.492,0.909,-0.114,0.142,0.058,0.355,../cleaned/02/02-1Bike0B_20251104_145144_22.csv,29,Female,3.000,2.000,2.000,0.500,2.750,6.000,3.500,17.500,1,young
20,2,0.000,Bike,1,B,1.059,18.997,1.252,-0.167,0.124,0.059,0.297,../cleaned/02/02-1Bike0B_20251106_124202_20.csv,39,Male,3.000,0.750,0.000,1.250,3.500,3.000,3.500,3.500,0,adult
30,2,0.000,Bike,1,B,1.030,18.907,0.805,-0.277,0.160,0.102,0.307,../cleaned/02/02-1Bike0B_20251111_110814_30.csv,49,Female,0.250,0.250,0.000,0.000,3.000,1.000,1.000,0.000,1,adult
9,2,0.000,Bike,1,B,1.013,24.223,1.136,-0.131,0.090,0.069,0.287,../cleaned/02/02-1Bike0B_20251104_085342_9.csv,41,Male,3.250,0.750,0.250,0.250,2.750,2.000,2.500,1.500,1,adult
20,2,0.000,Bike,1,B,0.852,19.613,0.890,-0.308,0.133,0.089,0.240,../cleaned/02/02-1Bike0B_20251106_123033_20.csv,39,Male,3.000,0.750,0.000,1.250,3.500,3.000,3.500,3.500,0,adult
25,2,0.000,Bike,1,B,1.046,23.955,1.092,-0.128,0.168,0.081,0.295,../cleaned/02/02-1Bike0B_20251112_115846_25.csv,39,Male,1.000,0.750,0.000,0.750,4.000,5.500,5.000,6.500,1,adult
8,2,0.000,Bike,1,B,1.008,25.734,1.138,-0.315,0.178,0.096,0.305,../cleaned/02/02-1Bike0B_20251104_153015_8.csv,24,Male,2.750,1.250,1.750,0.000,2.250,5.000,4.500,1.500,0,young
4,2,0.000,Bike,1,B,0.942,12.086,1.072,-0.258,0.108,0.063,0.274,../cleaned/02/02-1Bike0B_20251030_162124_4.csv,47,Male,1.750,2.000,1.000,1.000,2.750,2.000,2.000,1.000,1,adult
16,2,0.000,Bike,1,B,1.191,24.583,1.060,-0.354,0.286,0.121,0.326,../cleaned/02/02-1Bike0B_20251107_162002_16.csv,36,Male,2.500,0.500,0.250,0.000,2.500,1.500,1.000,0.000,1,adult
13,2,0.000,Bike,1,B,1.090,22.214,1.153,-0.160,0.131,0.081,0.293,../cleaned/02/02-1Bike0B_20251106_143426_13.csv,51,Female,2.750,1.250,0.750,0.500,4.750,1.500,1.500,10.000,0,adult
4,2,0.000,Bike,1,B,0.889,11.965,1.071,-0.168,0.264,0.089,0.256,../cleaned/02/02-1Bike0B_20251030_164918_4.csv,47,Male,1.750,2.000,1.000,1.000,2.750,2.000,2.000,1.000,1,adult
10,2,0.000,Bike,1,B,0.962,19.866,0.846,-0.101,0.083,0.051,0.273,../cleaned/02/02-1Bike0B_20251104_122504_10.csv,26,Male,1.500,0.750,0.000,0.250,2.250,2.000,1.500,0.500,0,young
26,2,0.000,Bike,1,B,0.992,21.974,0.735,-0.188,0.197,0.063,0.298,../cleaned/02/02-1Bike0B_20251111_134007_26.csv,32,Female,2.500,0.750,0.250,0.500,3.500,2.500,4.500,6.500,1,young
31,2,0.000,Bike,1,B,0.991,21.247,0.914,-0.086,0.178,0.059,0.278,../cleaned/02/02-1Bike0B_20251111_093736_31.csv,34,Female,1.000,0.250,0.000,0.000,2.250,2.500,2.000,1.000,0,young
3,2,0.000,Bike,1,B,0.972,20.589,1.196,-0.292,0.112,0.099,0.269,../cleaned/02/02-1Bike0B_20251030_144757_3.csv,23,Male,2.500,0.750,0.500,0.500,3.750,1.500,2.000,1.500,1,young
5,2,0.000,Bike,1,B,1.273,21.111,0.839,-0.321,0.150,0.077,0.372,../cleaned/02/02-1Bike0B_20251031_110126_5.csv,53,Female,1.000,0.750,1.500,0.000,2.500,1.000,1.000,0.000,0,adult
32,2,0.000,Bike,1,B,0.969,22.670,1.173,-0.271,0.172,0.087,0.274,../cleaned/02/02-1Bike0B_20251110_091327_32.csv,20,Female,4.000,2.500,3.000,0.500,2.250,5.000,5.000,7.500,1,young
23,2,0.000,Bike,1,B,1.068,23.401,1.049,-0.146,0.038,0.049,0.282,../cleaned/02/02-1Bike0B_20251110_161019_23.csv,27,Male,3.500,0.750,0.000,0.000,3.250,3.000,3.000,2.000,1,young
23,2,0.000,Bike,1,B,0.914,19.655,0.924,-0.244,0.111,0.070,0.286,../cleaned/02/02-1Bike0B_20251110_162811_23.csv,27,Male,3.500,0.750,0.000,0.000,3.250,3.000,3.000,2.000,1,young
11,2,0.000,Bike,1,B,1.158,24.390,1.167,-0.283,0.119,0.106,0.316,../cleaned/02/02-1Bike0B_20251106_084323_11.csv,62,Female,0.500,0.750,0.500,0.500,2.500,3.000,3.000,3.000,1,adult
16,2,0.000,Bike,1,B,0.826,24.745,1.202,-0.144,0.180,0.101,0.246,../cleaned/02/02-1Bike0B_20251107_163617_16.csv,36,Male,2.500,0.500,0.250,0.000,2.500,1.500,1.000,0.000,1,adult
21,2,0.000,Bike,1,B,1.066,20.444,1.062,-0.176,0.243,0.091,0.294,../cleaned/02/02-1Bike0B_20251110_104725_21.csv,40,Female,1.333,0.750,0.000,0.000,3.000,3.000,3.500,4.000,0,adult
28,2,0.000,Bike,1,B,0.946,25.852,1.186,-0.127,0.156,0.079,0.249,../cleaned/02/02-1Bike0B_20251105_090535_28.csv,25,Male,4.250,2.000,0.000,2.250,0.750,2.500,3.000,1.500,1,young
6,2,0.000,Bike,1,B,1.143,23.111,1.085,-0.123,0.139,0.062,0.331,../cleaned/02/02-1Bike0B_20251031_124000_6.csv,30,Female,0.500,0.000,0.000,0.000,4.750,1.000,1.000,0.000,1,young
28,2,0.000,Bike,1,B,1.139,21.199,1.112,-0.344,0.428,0.118,0.330,../cleaned/02/02-1Bike0B_20251105_084513_28.csv,25,Male,4.250,2.000,0.000,2.250,0.750,2.500,3.000,1.500,1,young
29,2,0.000,Bike,1,B,0.832,19.186,0.902,-0.282,0.228,0.092,0.229,../cleaned/02/02-1Bike0B_20251111_162339_29.csv,35,Female,1.750,0.500,0.000,0.250,4.000,2.000,2.000,1.000,1,adult
22,2,0.000,Bike,1,B,0.992,21.782,0.888,-0.096,0.109,0.052,0.277,../cleaned/02/02-1Bike0B_20251104_142738_22.csv,29,Female,3.000,2.000,2.000,0.500,2.750,6.000,3.500,17.500,1,young
24,2,0.000,Bike,1,B,0.942,22.156,0.839,-0.163,0.154,0.065,0.285,../cleaned/02/02-1Bike0B_20251112_134656_24.csv,32,Male,0.250,0.250,0.000,0.000,3.500,1.000,1.000,0.000,0,young
30,2,0.000,Bike,1,B,1.002,24.498,1.128,-0.290,0.132,0.076,0.277,../cleaned/02/02-1Bike0B_20251111_112349_30.csv,49,Female,0.250,0.250,0.000,0.000,3.000,1.000,1.000,0.000,1,adult
31,2,0.000,Bike,1,B,0.953,21.400,0.771,-0.135,0.080,0.049,0.270,../cleaned/02/02-1Bike0B_20251111_091536_31.csv,34,Female,1.000,0.250,0.000,0.000,2.250,2.500,2.000,1.000,0,young
27,2,0.000,Bike,1,B,0.801,10.453,1.132,-0.406,0.105,0.081,0.239,../cleaned/02/02-1Bike0B_20251110_145254_27.csv,34,Male,1.250,0.250,0.000,0.000,4.000,4.500,6.500,2.500,1,young
1,2,0.000,Bike,1,B,1.394,24.753,1.267,-0.207,0.133,0.082,0.377,../cleaned/02/02-1Bike0B_20251029_183417_1.csv,30,Male,2.750,0.750,0.250,0.750,3.250,3.000,3.000,6.500,0,young
2,2,0.000,Bike,1,B,1.072,18.754,0.823,-0.168,0.192,0.086,0.299,../cleaned/02/02-1Bike0B_20251030_121405_2.csv,55,Male,2.000,0.750,0.250,0.000,4.000,1.000,1.000,0.000,0,adult
14,2,0.000,Bike,1,B,1.231,22.430,0.963,-0.187,0.368,0.099,0.387,../cleaned/02/02-1Bike0B_20251106_163026_14.csv,20,Female,2.250,1.250,1.250,0.000,4.000,1.500,2.000,1.000,0,young
26,2,0.000,Bike,1,B,0.813,17.617,0.800,-0.107,0.100,0.057,0.250,../cleaned/02/02-1Bike0B_20251111_135804_26.csv,32,Female,2.500,0.750,0.250,0.500,3.500,2.500,4.500,6.500,1,young
5,2,0.000,Bike,1,B,1.003,21.996,0.850,-0.222,0.102,0.065,0.319,../cleaned/02/02-1Bike0B_20251031_114836_5.csv,53,Female,1.000,0.750,1.500,0.000,2.500,1.000,1.000,0.000,0,adult
25,2,0.000,Bike,1,B,1.054,24.159,1.303,-0.074,0.093,0.049,0.280,../cleaned/02/02-1Bike0B_20251112_112447_25.csv,39,Male,1.000,0.750,0.000,0.750,4.000,5.500,5.000,6.500,1,adult
18,2,0.000,Bike,1,B,1.399,24.840,1.279,-0.138,0.126,0.071,0.397,../cleaned/02/02-1Bike0B_20251107_122353_18.csv,37,Female,1.500,0.000,0.000,0.000,3.750,1.000,2.000,1.500,1,adult
1,2,0.000,Bike,1,B,0.994,24.200,1.111,-0.280,0.190,0.086,0.280,../cleaned/02/02-1Bike0B_20251029_185735_1.csv,30,Male,2.750,0.750,0.250,0.750,3.250,3.000,3.000,6.500,0,young
29,2,0.000,Bike,1,B,1.086,14.964,1.156,-0.421,0.215,0.139,0.287,../cleaned/02/02-1Bike0B_20251111_164535_29.csv,35,Female,1.750,0.500,0.000,0.250,4.000,2.000,2.000,1.000,1,adult
18,2,0.000,Bike,1,B,1.286,24.066,1.220,-0.279,0.273,0.102,0.348,../cleaned/02/02-1Bike0B_20251107_121344_18.csv,37,Female,1.500,0.000,0.000,0.000,3.750,1.000,2.000,1.500,1,adult
13,2,0.000,Bike,1,B,1.210,24.045,1.510,-0.175,0.107,0.076,0.311,../cleaned/02/02-1Bike0B_20251106_144407_13.csv,51,Female,2.750,1.250,0.750,0.500,4.750,1.500,1.500,10.000,0,adult
6,2,0.000,Bike,1,B,1.052,22.278,1.131,-0.105,0.041,0.048,0.280,../cleaned/02/02-1Bike0B_20251031_122826_6.csv,30,Female,0.500,0.000,0.000,0.000,4.750,1.000,1.000,0.000,1,young
21,2,0.000,Bike,1,B,0.961,23.684,1.061,-0.272,0.247,0.113,0.260,../cleaned/02/02-1Bike0B_20251110_110709_21.csv,40,Female,1.333,0.750,0.000,0.000,3.000,3.000,3.500,4.000,0,adult
17,2,0.000,Bike,1,B,0.535,21.326,1.503,-0.085,0.050,0.043,0.152,../cleaned/02/02-1Bike0B_20251104_161501_17.csv,25,Male,1.250,1.000,0.000,0.250,3.250,5.500,4.000,2.500,1,young
27,2,0.000,Bike,1,B,0.868,23.609,0.961,-0.237,0.191,0.088,0.267,../cleaned/02/02-1Bike0B_20251110_143250_27.csv,34,Male,1.250,0.250,0.000,0.000,4.000,4.500,6.500,2.500,1,young
9,2,0.000,Bike,1,B,1.161,20.848,1.157,-0.413,0.183,0.115,0.333,../cleaned/02/02-1Bike0B_20251104_084036_9.csv,41,Male,3.250,0.750,0.250,0.250,2.750,2.000,2.500,1.500,1,adult
26,3,0.600,Bike,1,A,1.266,22.331,0.737,-0.135,0.105,0.059,0.373,../cleaned/03/03-1Bike6A_20251111_134555_26.csv,32,Female,2.500,0.750,0.250,0.500,3.500,1.000,2.000,1.000,1,young
1,3,0.600,Bike,1,A,1.284,25.859,1.073,-0.118,0.182,0.066,0.359,../cleaned/03/03-1Bike6A_20251029_175620_1.csv,30,Male,2.750,0.750,0.250,0.750,3.250,1.500,2.500,4.000,0,young
30,3,0.600,Bike,1,A,1.267,13.392,1.149,-0.156,0.149,0.068,0.346,../cleaned/03/03-1Bike6A_20251111_112828_30.csv,49,Female,0.250,0.250,0.000,0.000,3.000,1.000,1.000,0.000,1,adult
31,3,0.600,Bike,1,A,1.141,23.682,0.879,-0.112,0.126,0.047,0.337,../cleaned/03/03-1Bike6A_20251111_093852_31.csv,34,Female,1.000,0.250,0.000,0.000,2.250,2.000,2.500,2.000,0,young
8,3,0.600,Bike,1,A,1.101,18.113,1.056,-0.133,0.088,0.051,0.301,../cleaned/03/03-1Bike6A_20251104_152531_8.csv,24,Male,2.750,1.250,1.750,0.000,2.250,3.500,2.500,1.500,0,young
22,3,0.600,Bike,1,A,1.287,14.171,1.023,-0.124,0.096,0.047,0.370,../cleaned/03/03-1Bike6A_20251104_145550_22.csv,29,Female,3.000,2.000,2.000,0.500,2.750,5.000,4.500,17.000,1,young
25,3,0.600,Bike,1,A,1.376,23.157,1.221,-0.094,0.046,0.041,0.367,../cleaned/03/03-1Bike6A_20251112_114650_25.csv,39,Male,1.000,0.750,0.000,0.750,4.000,3.000,3.000,4.000,1,adult
8,3,0.600,Bike,1,A,1.195,25.849,1.081,-0.351,0.149,0.108,0.336,../cleaned/03/03-1Bike6A_20251104_154844_8.csv,24,Male,2.750,1.250,1.750,0.000,2.250,3.500,2.500,1.500,0,young
16,3,0.600,Bike,1,A,1.430,21.213,1.203,-0.122,0.262,0.101,0.393,../cleaned/03/03-1Bike6A_20251107_162434_16.csv,36,Male,2.500,0.500,0.250,0.000,2.500,1.000,1.000,0.000,1,adult
20,3,0.600,Bike,1,A,1.294,21.216,0.969,-0.155,0.106,0.075,0.366,../cleaned/03/03-1Bike6A_20251106_122110_20.csv,39,Male,3.000,0.750,0.000,1.250,3.500,2.000,1.000,1.000,0,adult
1,3,0.600,Bike,1,A,1.301,25.905,1.356,-0.156,0.173,0.074,0.340,../cleaned/03/03-1Bike6A_20251029_182022_1.csv,30,Male,2.750,0.750,0.250,0.750,3.250,1.500,2.500,4.000,0,young
25,3,0.600,Bike,1,A,1.260,23.207,1.341,-0.081,0.112,0.060,0.328,../cleaned/03/03-1Bike6A_20251112_111935_25.csv,39,Male,1.000,0.750,0.000,0.750,4.000,3.000,3.000,4.000,1,adult
13,3,0.600,Bike,1,A,1.090,25.911,1.301,-0.058,0.059,0.040,0.298,../cleaned/03/03-1Bike6A_20251106_143821_13.csv,51,Female,2.750,1.250,0.750,0.500,4.750,1.000,1.000,8.500,0,adult
31,3,0.600,Bike,1,A,1.159,14.484,0.839,-0.056,0.084,0.033,0.338,../cleaned/03/03-1Bike6A_20251111_091936_31.csv,34,Female,1.000,0.250,0.000,0.000,2.250,2.000,2.500,2.000,0,young
16,3,0.600,Bike,1,A,1.061,25.047,1.275,-0.211,0.165,0.112,0.279,../cleaned/03/03-1Bike6A_20251107_163843_16.csv,36,Male,2.500,0.500,0.250,0.000,2.500,1.000,1.000,0.000,1,adult
7,3,0.600,Bike,1,A,1.395,25.853,1.118,-0.068,0.137,0.042,0.385,../cleaned/03/03-1Bike6A_20251107_143858_7.csv,21,Male,3.250,1.500,0.750,0.250,3.000,5.000,4.500,11.000,1,young
3,3,0.600,Bike,1,A,1.284,24.372,1.447,-0.248,0.094,0.081,0.331,../cleaned/03/03-1Bike6A_20251030_145142_3.csv,23,Male,2.500,0.750,0.500,0.500,3.750,1.500,1.500,1.500,1,young
18,3,0.600,Bike,1,A,1.496,23.376,1.351,-0.113,0.113,0.073,0.391,../cleaned/03/03-1Bike6A_20251107_121903_18.csv,37,Female,1.500,0.000,0.000,0.000,3.750,1.500,2.500,2.000,1,adult
28,3,0.600,Bike,1,A,1.115,24.759,1.068,-0.179,0.240,0.098,0.309,../cleaned/03/03-1Bike6A_20251105_085702_28.csv,25,Male,4.250,2.000,0.000,2.250,0.750,1.500,1.500,0.500,1,young
9,3,0.600,Bike,1,A,1.257,19.447,1.177,-0.300,0.249,0.113,0.344,../cleaned/03/03-1Bike6A_20251104_083500_9.csv,41,Male,3.250,0.750,0.250,0.250,2.750,1.000,2.000,1.000,1,adult
17,3,0.600,Bike,1,A,0.852,20.047,1.337,-0.129,0.063,0.041,0.226,../cleaned/03/03-1Bike6A_20251104_160803_17.csv,25,Male,1.250,1.000,0.000,0.250,3.250,3.500,2.500,1.500,1,young
17,3,0.600,Bike,1,A,0.815,23.092,1.246,-0.024,0.065,0.019,0.227,../cleaned/03/03-1Bike6A_20251104_162441_17.csv,25,Male,1.250,1.000,0.000,0.250,3.250,3.500,2.500,1.500,1,young
29,3,0.600,Bike,1,A,1.215,11.585,0.879,-0.261,0.178,0.104,0.351,../cleaned/03/03-1Bike6A_20251111_163716_29.csv,35,Female,1.750,0.500,0.000,0.250,4.000,2.000,2.000,1.000,1,adult
12,3,0.600,Bike,1,A,1.373,17.913,1.139,-0.101,0.097,0.050,0.365,../cleaned/03/03-1Bike6A_20251105_161541_12.csv,60,Female,3.500,1.000,0.000,0.750,2.750,1.500,1.500,2.500,0,adult
29,3,0.600,Bike,1,A,1.188,19.211,1.094,-0.396,0.132,0.104,0.329,../cleaned/03/03-1Bike6A_20251111_165653_29.csv,35,Female,1.750,0.500,0.000,0.250,4.000,2.000,2.000,1.000,1,adult
6,3,0.600,Bike,1,A,1.108,15.703,1.206,-0.062,0.090,0.048,0.311,../cleaned/03/03-1Bike6A_20251031_121940_6.csv,30,Female,0.500,0.000,0.000,0.000,4.750,1.000,1.000,0.000,1,young
27,3,0.600,Bike,1,A,0.929,17.000,1.048,-0.100,0.066,0.047,0.270,../cleaned/03/03-1Bike6A_20251110_143800_27.csv,34,Male,1.250,0.250,0.000,0.000,4.000,2.500,1.500,0.000,1,young
4,3,0.600,Bike,1,A,1.055,21.099,0.996,-0.144,0.111,0.065,0.310,../cleaned/03/03-1Bike6A_20251030_161332_4.csv,47,Male,1.750,2.000,1.000,1.000,2.750,2.000,2.000,1.000,1,adult
18,3,0.600,Bike,1,A,1.326,23.675,1.286,-0.112,0.037,0.034,0.360,../cleaned/03/03-1Bike6A_20251107_120619_18.csv,37,Female,1.500,0.000,0.000,0.000,3.750,1.500,2.500,2.000,1,adult
23,3,0.600,Bike,1,A,1.155,20.814,1.181,-0.039,0.061,0.022,0.322,../cleaned/03/03-1Bike6A_20251110_161217_23.csv,27,Male,3.500,0.750,0.000,0.000,3.250,2.000,3.000,1.500,1,young
6,3,0.600,Bike,1,A,1.280,22.860,1.118,-0.141,0.008,0.028,0.330,../cleaned/03/03-1Bike6A_20251031_123426_6.csv,30,Female,0.500,0.000,0.000,0.000,4.750,1.000,1.000,0.000,1,young
28,3,0.600,Bike,1,A,1.177,24.523,0.946,-0.412,0.135,0.087,0.338,../cleaned/03/03-1Bike6A_20251105_083518_28.csv,25,Male,4.250,2.000,0.000,2.250,0.750,1.500,1.500,0.500,1,young
10,3,0.600,Bike,1,A,0.885,14.382,0.992,-0.098,0.050,0.041,0.252,../cleaned/03/03-1Bike6A_20251104_125740_10.csv,26,Male,1.500,0.750,0.000,0.250,2.250,1.000,1.500,0.500,0,young
21,3,0.600,Bike,1,A,1.383,21.719,1.041,-0.306,0.188,0.103,0.382,../cleaned/03/03-1Bike6A_20251110_104917_21.csv,40,Female,1.333,0.750,0.000,0.000,3.000,3.000,3.000,2.000,0,adult
11,3,0.600,Bike,1,A,1.102,13.298,0.893,-0.157,0.168,0.060,0.331,../cleaned/03/03-1Bike6A_20251106_083224_11.csv,62,Female,0.500,0.750,0.500,0.500,2.500,2.000,2.500,3.000,1,adult
2,3,0.600,Bike,1,A,1.195,25.481,1.059,-0.152,0.134,0.070,0.344,../cleaned/03/03-1Bike6A_20251030_125559_2.csv,55,Male,2.000,0.750,0.250,0.000,4.000,1.000,1.000,0.000,0,adult
32,3,0.600,Bike,1,A,0.916,10.654,1.198,-0.059,0.081,0.033,0.253,../cleaned/03/03-1Bike6A_20251110_084625_32.csv,20,Female,4.000,2.500,3.000,0.500,2.250,3.000,4.500,3.000,1,young
4,3,0.600,Bike,1,A,0.890,11.095,1.105,-0.070,0.038,0.033,0.248,../cleaned/03/03-1Bike6A_20251030_163339_4.csv,47,Male,1.750,2.000,1.000,1.000,2.750,2.000,2.000,1.000,1,adult
9,3,0.600,Bike,1,A,1.336,24.212,1.127,-0.130,0.068,0.050,0.366,../cleaned/03/03-1Bike6A_20251104_084944_9.csv,41,Male,3.250,0.750,0.250,0.250,2.750,1.000,2.000,1.000,1,adult
30,3,0.600,Bike,1,A,1.047,19.608,1.184,-0.134,0.102,0.056,0.292,../cleaned/03/03-1Bike6A_20251111_111512_30.csv,49,Female,0.250,0.250,0.000,0.000,3.000,1.000,1.000,0.000,1,adult
14,3,0.600,Bike,1,A,1.448,24.111,0.980,-0.096,0.067,0.052,0.405,../cleaned/03/03-1Bike6A_20251106_162549_14.csv,20,Female,2.250,1.250,1.250,0.000,4.000,1.000,1.000,0.500,0,young
13,3,0.600,Bike,1,A,1.317,22.797,1.225,-0.085,0.087,0.045,0.381,../cleaned/03/03-1Bike6A_20251106_142514_13.csv,51,Female,2.750,1.250,0.750,0.500,4.750,1.000,1.000,8.500,0,adult
3,3,0.600,Bike,1,A,1.222,16.657,1.546,-0.081,0.138,0.048,0.320,../cleaned/03/03-1Bike6A_20251030_141709_3.csv,23,Male,2.500,0.750,0.500,0.500,3.750,1.500,1.500,1.500,1,young
21,3,0.600,Bike,1,A,1.323,22.463,1.092,-0.167,0.072,0.070,0.354,../cleaned/03/03-1Bike6A_20251110_110858_21.csv,40,Female,1.333,0.750,0.000,0.000,3.000,3.000,3.000,2.000,0,adult
23,3,0.600,Bike,1,A,1.059,20.992,0.940,-0.113,0.095,0.044,0.303,../cleaned/03/03-1Bike6A_20251110_163046_23.csv,27,Male,3.500,0.750,0.000,0.000,3.250,2.000,3.000,1.500,1,young
11,3,0.600,Bike,1,A,1.213,23.206,1.105,-0.207,0.235,0.090,0.343,../cleaned/03/03-1Bike6A_20251106_084812_11.csv,62,Female,0.500,0.750,0.500,0.500,2.500,2.000,2.500,3.000,1,adult
22,3,0.600,Bike,1,A,1.498,18.024,0.827,-0.120,0.126,0.065,0.436,../cleaned/03/03-1Bike6A_20251104_142336_22.csv,29,Female,3.000,2.000,2.000,0.500,2.750,5.000,4.500,17.000,1,young
5,3,0.600,Bike,1,A,1.448,10.933,0.674,-0.161,0.130,0.069,0.402,../cleaned/03/03-1Bike6A_20251031_104101_5.csv,53,Female,1.000,0.750,1.500,0.000,2.500,1.000,1.500,0.000,0,adult
32,3,0.600,Bike,1,A,1.155,18.495,1.098,-0.078,0.052,0.036,0.303,../cleaned/03/03-1Bike6A_20251110_090902_32.csv,20,Female,4.000,2.500,3.000,0.500,2.250,3.000,4.500,3.000,1,young
24,3,0.600,Bike,1,A,0.968,22.469,0.948,-0.156,0.087,0.055,0.270,../cleaned/03/03-1Bike6A_20251112_134313_24.csv,32,Male,0.250,0.250,0.000,0.000,3.500,1.000,2.000,0.000,0,young
20,3,0.600,Bike,1,A,1.402,24.568,1.062,-0.241,0.215,0.073,0.380,../cleaned/03/03-1Bike6A_20251106_124355_20.csv,39,Male,3.000,0.750,0.000,1.250,3.500,2.000,1.000,1.000,0,adult
5,3,0.600,Bike,1,A,1.444,17.970,0.870,-0.122,0.096,0.050,0.430,../cleaned/03/03-1Bike6A_20251031_111011_5.csv,53,Female,1.000,0.750,1.500,0.000,2.500,1.000,1.500,0.000,0,adult
27,3,0.600,Bike,1,A,0.977,13.759,1.133,-0.100,0.065,0.043,0.270,../cleaned/03/03-1Bike6A_20251110_141053_27.csv,34,Male,1.250,0.250,0.000,0.000,4.000,2.500,1.500,0.000,1,young
10,3,0.600,Bike,1,A,0.821,9.836,0.964,-0.218,0.137,0.078,0.243,../cleaned/03/03-1Bike6A_20251104_123534_10.csv,26,Male,1.500,0.750,0.000,0.250,2.250,1.000,1.500,0.500,0,young
26,3,0.600,Bike,1,A,1.187,22.313,0.732,-0.149,0.170,0.064,0.370,../cleaned/03/03-1Bike6A_20251111_141224_26.csv,32,Female,2.500,0.750,0.250,0.500,3.500,1.000,2.000,1.000,1,young
20,4,0.600,Bike,1,B,1.178,17.507,1.141,-0.099,0.053,0.028,0.316,../cleaned/04/04-1Bike6B_20251106_123454_20.csv,39,Male,3.000,0.750,0.000,1.250,3.500,2.500,3.000,2.500,0,adult
10,4,0.600,Bike,1,B,0.822,18.045,1.002,-0.076,0.090,0.045,0.237,../cleaned/04/04-1Bike6B_20251104_124000_10.csv,26,Male,1.500,0.750,0.000,0.250,2.250,1.500,1.000,0.000,0,young
3,4,0.600,Bike,1,B,1.140,17.567,1.495,-0.140,0.064,0.053,0.299,../cleaned/04/04-1Bike6B_20251030_143406_3.csv,23,Male,2.500,0.750,0.500,0.500,3.750,1.500,1.500,1.500,1,young
20,4,0.600,Bike,1,B,1.277,13.562,0.746,-0.203,0.155,0.080,0.338,../cleaned/04/04-1Bike6B_20251106_121119_20.csv,39,Male,3.000,0.750,0.000,1.250,3.500,2.500,3.000,2.500,0,adult
1,4,0.600,Bike,1,B,1.415,26.021,1.349,-0.094,0.125,0.058,0.384,../cleaned/04/04-1Bike6B_20251029_182316_1.csv,30,Male,2.750,0.750,0.250,0.750,3.250,3.000,3.000,4.500,0,young
29,4,0.600,Bike,1,B,1.187,14.704,1.126,-0.197,0.098,0.068,0.354,../cleaned/04/04-1Bike6B_20251111_164043_29.csv,35,Female,1.750,0.500,0.000,0.250,4.000,2.000,2.000,1.000,1,adult
4,4,0.600,Bike,1,B,1.058,14.630,1.116,-0.118,0.090,0.051,0.301,../cleaned/04/04-1Bike6B_20251030_162827_4.csv,47,Male,1.750,2.000,1.000,1.000,2.750,2.000,2.000,1.000,1,adult
12,4,0.600,Bike,1,B,1.401,20.250,1.268,-0.061,0.102,0.042,0.373,../cleaned/04/04-1Bike6B_20251105_162852_12.csv,60,Female,3.500,1.000,0.000,0.750,2.750,2.000,2.500,2.500,0,adult
31,4,0.600,Bike,1,B,1.156,21.932,0.886,-0.098,0.058,0.031,0.348,../cleaned/04/04-1Bike6B_20251111_092831_31.csv,34,Female,1.000,0.250,0.000,0.000,2.250,1.500,1.500,0.500,0,young
23,4,0.600,Bike,1,B,1.035,17.565,1.061,-0.060,0.098,0.041,0.281,../cleaned/04/04-1Bike6B_20251110_163835_23.csv,27,Male,3.500,0.750,0.000,0.000,3.250,2.000,2.000,1.000,1,young
21,4,0.600,Bike,1,B,1.360,14.771,0.999,-0.161,0.096,0.067,0.408,../cleaned/04/04-1Bike6B_20251110_105737_21.csv,40,Female,1.333,0.750,0.000,0.000,3.000,4.000,3.500,4.000,0,adult
27,4,0.600,Bike,1,B,0.884,24.014,1.123,-0.094,0.092,0.039,0.240,../cleaned/04/04-1Bike6B_20251110_143108_27.csv,34,Male,1.250,0.250,0.000,0.000,4.000,2.000,1.500,0.000,1,young
29,4,0.600,Bike,1,B,1.191,15.663,0.834,-0.115,0.150,0.065,0.363,../cleaned/04/04-1Bike6B_20251111_161615_29.csv,35,Female,1.750,0.500,0.000,0.250,4.000,2.000,2.000,1.000,1,adult
16,4,0.600,Bike,1,B,1.096,24.924,1.528,-0.151,0.193,0.106,0.276,../cleaned/04/04-1Bike6B_20251107_164324_16.csv,36,Male,2.500,0.500,0.250,0.000,2.500,1.000,1.000,0.000,1,adult
16,4,0.600,Bike,1,B,1.365,24.318,1.247,-0.073,0.138,0.052,0.357,../cleaned/04/04-1Bike6B_20251107_163103_16.csv,36,Male,2.500,0.500,0.250,0.000,2.500,1.000,1.000,0.000,1,adult
4,4,0.600,Bike,1,B,0.966,14.301,1.226,-0.025,0.033,0.018,0.265,../cleaned/04/04-1Bike6B_20251030_165200_4.csv,47,Male,1.750,2.000,1.000,1.000,2.750,2.000,2.000,1.000,1,adult
32,4,0.600,Bike,1,B,1.172,18.919,1.379,-0.203,0.095,0.064,0.315,../cleaned/04/04-1Bike6B_20251110_091614_32.csv,20,Female,4.000,2.500,3.000,0.500,2.250,3.500,5.000,5.000,1,young
26,4,0.600,Bike,1,B,1.367,21.029,0.682,-0.103,0.134,0.057,0.405,../cleaned/04/04-1Bike6B_20251111_135200_26.csv,32,Female,2.500,0.750,0.250,0.500,3.500,2.000,2.500,3.500,1,young
32,4,0.600,Bike,1,B,1.368,18.943,1.326,-0.055,0.040,0.024,0.401,../cleaned/04/04-1Bike6B_20251110_085542_32.csv,20,Female,4.000,2.500,3.000,0.500,2.250,3.500,5.000,5.000,1,young
12,4,0.600,Bike,1,B,1.472,19.950,1.392,-0.070,0.040,0.033,0.366,../cleaned/04/04-1Bike6B_20251105_164835_12.csv,60,Female,3.500,1.000,0.000,0.750,2.750,2.000,2.500,2.500,0,adult
23,4,0.600,Bike,1,B,1.328,21.472,1.048,-0.104,0.100,0.050,0.359,../cleaned/04/04-1Bike6B_20251110_161739_23.csv,27,Male,3.500,0.750,0.000,0.000,3.250,2.000,2.000,1.000,1,young
13,4,0.600,Bike,1,B,1.292,23.935,1.248,-0.105,0.040,0.035,0.350,../cleaned/04/04-1Bike6B_20251106_144544_13.csv,51,Female,2.750,1.250,0.750,0.500,4.750,1.000,1.000,5.500,0,adult
18,4,0.600,Bike,1,B,1.258,22.608,1.183,-0.105,0.079,0.050,0.372,../cleaned/04/04-1Bike6B_20251107_120753_18.csv,37,Female,1.500,0.000,0.000,0.000,3.750,1.500,2.000,2.000,1,adult
27,4,0.600,Bike,1,B,0.864,23.849,1.276,-0.110,0.071,0.048,0.243,../cleaned/04/04-1Bike6B_20251110_145100_27.csv,34,Male,1.250,0.250,0.000,0.000,4.000,2.000,1.500,0.000,1,young
7,4,0.600,Bike,1,B,1.338,20.251,1.329,-0.033,0.085,0.037,0.365,../cleaned/04/04-1Bike6B_20251107_142159_7.csv,21,Male,3.250,1.500,0.750,0.250,3.000,4.000,4.500,11.000,1,young
30,4,0.600,Bike,1,B,1.179,19.330,1.204,-0.128,0.053,0.039,0.336,../cleaned/04/04-1Bike6B_20251111_112734_30.csv,49,Female,0.250,0.250,0.000,0.000,3.000,1.000,1.000,0.000,1,adult
7,4,0.600,Bike,1,B,1.252,22.807,1.275,-0.086,0.097,0.047,0.337,../cleaned/04/04-1Bike6B_20251107_145041_7.csv,21,Male,3.250,1.500,0.750,0.250,3.000,4.000,4.500,11.000,1,young
5,4,0.600,Bike,1,B,1.403,21.755,0.821,-0.067,0.089,0.045,0.411,../cleaned/04/04-1Bike6B_20251031_114928_5.csv,53,Female,1.000,0.750,1.500,0.000,2.500,1.000,1.000,0.000,0,adult
31,4,0.600,Bike,1,B,1.151,18.962,1.048,-0.063,0.049,0.030,0.330,../cleaned/04/04-1Bike6B_20251111_094914_31.csv,34,Female,1.000,0.250,0.000,0.000,2.250,1.500,1.500,0.500,0,young
9,4,0.600,Bike,1,B,1.159,21.002,1.271,-0.064,0.072,0.043,0.338,../cleaned/04/04-1Bike6B_20251104_085738_9.csv,41,Male,3.250,0.750,0.250,0.250,2.750,1.500,2.000,1.000,1,adult
11,4,0.600,Bike,1,B,1.070,20.250,1.068,-0.132,0.119,0.042,0.297,../cleaned/04/04-1Bike6B_20251106_083713_11.csv,62,Female,0.500,0.750,0.500,0.500,2.500,3.000,3.000,3.000,1,adult
9,4,0.600,Bike,1,B,1.131,19.911,1.276,-0.056,0.071,0.041,0.343,../cleaned/04/04-1Bike6B_20251104_084458_9.csv,41,Male,3.250,0.750,0.250,0.250,2.750,1.500,2.000,1.000,1,adult
17,4,0.600,Bike,1,B,0.917,17.846,1.278,-0.051,0.020,0.013,0.237,../cleaned/04/04-1Bike6B_20251104_162128_17.csv,25,Male,1.250,1.000,0.000,0.250,3.250,4.000,3.000,1.500,1,young
22,4,0.600,Bike,1,B,1.358,18.996,1.047,-0.096,0.158,0.065,0.376,../cleaned/04/04-1Bike6B_20251104_150029_22.csv,29,Female,3.000,2.000,2.000,0.500,2.750,6.500,4.500,11.500,1,young
8,4,0.600,Bike,1,B,1.202,22.503,1.084,-0.063,0.059,0.036,0.330,../cleaned/04/04-1Bike6B_20251104_154613_8.csv,24,Male,2.750,1.250,1.750,0.000,2.250,2.000,1.500,0.000,0,young
1,4,0.600,Bike,1,B,1.425,25.781,1.296,-0.070,0.176,0.069,0.365,../cleaned/04/04-1Bike6B_20251029_180949_1.csv,30,Male,2.750,0.750,0.250,0.750,3.250,3.000,3.000,4.500,0,young
26,4,0.600,Bike,1,B,0.951,23.234,0.758,-0.094,0.108,0.045,0.286,../cleaned/04/04-1Bike6B_20251111_141633_26.csv,32,Female,2.500,0.750,0.250,0.500,3.500,2.000,2.500,3.500,1,young
10,4,0.600,Bike,1,B,0.937,15.496,0.969,-0.070,0.078,0.026,0.278,../cleaned/04/04-1Bike6B_20251104_130200_10.csv,26,Male,1.500,0.750,0.000,0.250,2.250,1.500,1.000,0.000,0,young
24,4,0.600,Bike,1,B,1.167,22.767,0.850,-0.165,0.155,0.084,0.341,../cleaned/04/04-1Bike6B_20251112_134606_24.csv,32,Male,0.250,0.250,0.000,0.000,3.500,1.000,2.000,0.000,0,young
28,4,0.600,Bike,1,B,1.473,24.790,1.125,-0.114,0.182,0.067,0.395,../cleaned/04/04-1Bike6B_20251105_084324_28.csv,25,Male,4.250,2.000,0.000,2.250,0.750,1.000,1.000,0.000,1,young
11,4,0.600,Bike,1,B,1.016,24.025,1.064,-0.360,0.119,0.076,0.306,../cleaned/04/04-1Bike6B_20251106_085257_11.csv,62,Female,0.500,0.750,0.500,0.500,2.500,3.000,3.000,3.000,1,adult
6,4,0.600,Bike,1,B,1.434,22.873,1.234,-0.074,0.069,0.045,0.373,../cleaned/04/04-1Bike6B_20251031_122614_6.csv,30,Female,0.500,0.000,0.000,0.000,4.750,1.000,1.000,0.000,1,young
2,4,0.600,Bike,1,B,1.208,15.136,0.872,-0.215,0.106,0.079,0.365,../cleaned/04/04-1Bike6B_20251030_123841_2.csv,55,Male,2.000,0.750,0.250,0.000,4.000,1.000,1.000,0.000,0,adult
17,4,0.600,Bike,1,B,0.903,17.387,1.383,-0.093,0.109,0.050,0.229,../cleaned/04/04-1Bike6B_20251104_165531_17.csv,25,Male,1.250,1.000,0.000,0.250,3.250,4.000,3.000,1.500,1,young
28,4,0.600,Bike,1,B,1.207,24.679,1.045,-0.105,0.132,0.044,0.347,../cleaned/04/04-1Bike6B_20251105_090353_28.csv,25,Male,4.250,2.000,0.000,2.250,0.750,1.000,1.000,0.000,1,young
25,4,0.600,Bike,1,B,1.457,22.850,1.206,-0.069,0.100,0.042,0.378,../cleaned/04/04-1Bike6B_20251112_112716_25.csv,39,Male,1.000,0.750,0.000,0.750,4.000,4.500,5.000,5.000,1,adult
25,4,0.600,Bike,1,B,1.390,24.513,1.147,-0.070,0.026,0.037,0.404,../cleaned/04/04-1Bike6B_20251112_115940_25.csv,39,Male,1.000,0.750,0.000,0.750,4.000,4.500,5.000,5.000,1,adult
30,4,0.600,Bike,1,B,1.113,18.997,1.044,-0.233,0.164,0.113,0.347,../cleaned/04/04-1Bike6B_20251111_111218_30.csv,49,Female,0.250,0.250,0.000,0.000,3.000,1.000,1.000,0.000,1,adult
4,5,0.000,Scooter,1,A,0.833,10.379,0.971,-0.454,0.157,0.090,0.242,../cleaned/05/05-1Scooter0A_20251030_161045_4.csv,47,Male,1.750,2.000,1.000,1.000,2.750,2.000,2.000,1.000,1,adult
22,5,0.000,Scooter,1,A,0.868,18.193,0.764,-0.174,0.086,0.050,0.260,../cleaned/05/05-1Scooter0A_20251104_144834_22.csv,29,Female,3.000,2.000,2.000,0.500,2.750,4.500,3.500,9.000,1,young
31,5,0.000,Scooter,1,A,0.971,17.531,0.766,-0.205,0.121,0.051,0.310,../cleaned/05/05-1Scooter0A_20251111_091237_31.csv,34,Female,1.000,0.250,0.000,0.000,2.250,3.500,2.500,1.500,0,young
8,5,0.000,Scooter,1,A,0.915,17.523,0.989,-0.364,0.145,0.101,0.257,../cleaned/05/05-1Scooter0A_20251104_154147_8.csv,24,Male,2.750,1.250,1.750,0.000,2.250,3.500,2.500,0.500,0,young
14,5,0.000,Scooter,1,A,1.083,23.633,0.911,-0.301,0.167,0.082,0.311,../cleaned/05/05-1Scooter0A_20251106_162841_14.csv,20,Female,2.250,1.250,1.250,0.000,4.000,1.500,2.000,1.000,0,young
13,5,0.000,Scooter,1,A,1.188,19.353,1.252,-0.404,0.083,0.100,0.316,../cleaned/05/05-1Scooter0A_20251106_144715_13.csv,51,Female,2.750,1.250,0.750,0.500,4.750,1.000,1.500,11.000,0,adult
11,5,0.000,Scooter,1,A,1.065,12.270,0.996,-0.341,0.159,0.103,0.303,../cleaned/05/05-1Scooter0A_20251106_082650_11.csv,62,Female,0.500,0.750,0.500,0.500,2.500,1.500,2.000,1.500,1,adult
9,5,0.000,Scooter,1,A,0.872,20.695,1.134,-0.125,0.070,0.052,0.244,../cleaned/05/05-1Scooter0A_20251104_084217_9.csv,41,Male,3.250,0.750,0.250,0.250,2.750,2.000,2.000,1.000,1,adult
32,5,0.000,Scooter,1,A,0.913,18.754,1.300,-0.146,0.106,0.066,0.248,../cleaned/05/05-1Scooter0A_20251110_085748_32.csv,20,Female,4.000,2.500,3.000,0.500,2.250,3.500,3.500,4.000,1,young
30,5,0.000,Scooter,1,A,1.005,21.577,1.235,-0.184,0.116,0.066,0.266,../cleaned/05/05-1Scooter0A_20251111_113229_30.csv,49,Female,0.250,0.250,0.000,0.000,3.000,1.000,1.000,0.000,1,adult
26,5,0.000,Scooter,1,A,0.975,23.180,0.771,-0.116,0.103,0.041,0.293,../cleaned/05/05-1Scooter0A_20251111_140123_26.csv,32,Female,2.500,0.750,0.250,0.500,3.500,1.000,1.000,0.000,1,young
20,5,0.000,Scooter,1,A,0.907,16.641,0.979,-0.194,0.196,0.094,0.243,../cleaned/05/05-1Scooter0A_20251106_123806_20.csv,39,Male,3.000,0.750,0.000,1.250,3.500,2.000,2.000,2.000,0,adult
16,5,0.000,Scooter,1,A,0.898,23.746,1.257,-0.181,0.115,0.099,0.249,../cleaned/05/05-1Scooter0A_20251107_162244_16.csv,36,Male,2.500,0.500,0.250,0.000,2.500,1.000,1.000,0.000,1,adult
32,5,0.000,Scooter,1,A,0.800,18.336,1.189,-0.377,0.243,0.134,0.215,../cleaned/05/05-1Scooter0A_20251110_091754_32.csv,20,Female,4.000,2.500,3.000,0.500,2.250,3.500,3.500,4.000,1,young
4,5,0.000,Scooter,1,A,0.877,14.294,0.965,-0.379,0.191,0.119,0.240,../cleaned/05/05-1Scooter0A_20251030_164618_4.csv,47,Male,1.750,2.000,1.000,1.000,2.750,2.000,2.000,1.000,1,adult
11,5,0.000,Scooter,1,A,0.878,10.907,1.069,-0.443,0.158,0.118,0.241,../cleaned/05/05-1Scooter0A_20251106_084717_11.csv,62,Female,0.500,0.750,0.500,0.500,2.500,1.500,2.000,1.500,1,adult
2,5,0.000,Scooter,1,A,0.849,15.016,0.925,-0.314,0.159,0.079,0.257,../cleaned/05/05-1Scooter0A_20251030_121317_2.csv,55,Male,2.000,0.750,0.250,0.000,4.000,1.000,1.000,0.000,0,adult
21,5,0.000,Scooter,1,A,0.908,24.639,1.069,-0.340,0.198,0.107,0.250,../cleaned/05/05-1Scooter0A_20251110_105153_21.csv,40,Female,1.333,0.750,0.000,0.000,3.000,2.000,3.000,3.000,0,adult
25,5,0.000,Scooter,1,A,0.998,22.607,1.201,-0.172,0.091,0.063,0.268,../cleaned/05/05-1Scooter0A_20251112_114842_25.csv,39,Male,1.000,0.750,0.000,0.750,4.000,4.500,4.000,4.500,1,adult
18,5,0.000,Scooter,1,A,1.051,23.018,1.337,-0.285,0.060,0.087,0.267,../cleaned/05/05-1Scooter0A_20251107_121017_18.csv,37,Female,1.500,0.000,0.000,0.000,3.750,1.000,2.000,2.000,1,adult
8,5,0.000,Scooter,1,A,0.860,25.802,1.169,-0.261,0.123,0.100,0.235,../cleaned/05/05-1Scooter0A_20251104_155038_8.csv,24,Male,2.750,1.250,1.750,0.000,2.250,3.500,2.500,0.500,0,young
2,5,0.000,Scooter,1,A,0.871,20.350,0.980,-0.151,0.152,0.058,0.255,../cleaned/05/05-1Scooter0A_20251030_125858_2.csv,55,Male,2.000,0.750,0.250,0.000,4.000,1.000,1.000,0.000,0,adult
5,5,0.000,Scooter,1,A,1.388,23.385,0.784,-0.166,0.080,0.046,0.423,../cleaned/05/05-1Scooter0A_20251031_111106_5.csv,53,Female,1.000,0.750,1.500,0.000,2.500,1.000,1.000,0.000,0,adult
28,5,0.000,Scooter,1,A,1.070,22.216,1.146,-0.195,0.239,0.127,0.264,../cleaned/05/05-1Scooter0A_20251105_084703_28.csv,25,Male,4.250,2.000,0.000,2.250,0.750,2.000,1.000,0.000,1,young
17,5,0.000,Scooter,1,A,0.798,21.063,1.403,-0.430,0.209,0.128,0.216,../cleaned/05/05-1Scooter0A_20251104_163531_17.csv,25,Male,1.250,1.000,0.000,0.250,3.250,4.500,4.000,2.000,1,young
23,5,0.000,Scooter,1,A,0.995,23.200,1.060,-0.251,0.069,0.064,0.281,../cleaned/05/05-1Scooter0A_20251110_162408_23.csv,27,Male,3.500,0.750,0.000,0.000,3.250,1.500,2.000,0.500,1,young
10,5,0.000,Scooter,1,A,0.739,20.458,0.794,-0.114,0.179,0.075,0.223,../cleaned/05/05-1Scooter0A_20251104_123224_10.csv,26,Male,1.500,0.750,0.000,0.250,2.250,2.000,1.500,0.500,0,young
29,5,0.000,Scooter,1,A,0.965,16.067,1.089,-0.284,0.174,0.123,0.292,../cleaned/05/05-1Scooter0A_20251111_163904_29.csv,35,Female,1.750,0.500,0.000,0.250,4.000,1.500,2.000,1.000,1,adult
6,5,0.000,Scooter,1,A,0.838,22.209,1.123,-0.094,0.121,0.047,0.237,../cleaned/05/05-1Scooter0A_20251031_123258_6.csv,30,Female,0.500,0.000,0.000,0.000,4.750,1.000,1.000,0.000,1,young
26,5,0.000,Scooter,1,A,0.859,16.016,0.750,-0.096,0.091,0.050,0.276,../cleaned/05/05-1Scooter0A_20251111_134234_26.csv,32,Female,2.500,0.750,0.250,0.500,3.500,1.000,1.000,0.000,1,young
3,5,0.000,Scooter,1,A,0.912,11.433,1.233,-0.481,0.123,0.125,0.288,../cleaned/05/05-1Scooter0A_20251030_144952_3.csv,23,Male,2.500,0.750,0.500,0.500,3.750,1.500,2.500,2.000,1,young
14,5,0.000,Scooter,1,A,1.253,23.519,1.035,-0.267,0.121,0.084,0.340,../cleaned/05/05-1Scooter0A_20251106_163846_14.csv,20,Female,2.250,1.250,1.250,0.000,4.000,1.500,2.000,1.000,0,young
25,5,0.000,Scooter,1,A,0.922,23.708,1.105,-0.240,0.139,0.067,0.256,../cleaned/05/05-1Scooter0A_20251112_112216_25.csv,39,Male,1.000,0.750,0.000,0.750,4.000,4.500,4.000,4.500,1,adult
16,5,0.000,Scooter,1,A,0.815,25.363,1.230,-0.346,0.215,0.105,0.223,../cleaned/05/05-1Scooter0A_20251107_163536_16.csv,36,Male,2.500,0.500,0.250,0.000,2.500,1.000,1.000,0.000,1,adult
1,5,0.000,Scooter,1,A,1.048,24.301,1.104,-0.120,0.192,0.088,0.292,../cleaned/05/05-1Scooter0A_20251029_185330_1.csv,30,Male,2.750,0.750,0.250,0.750,3.250,2.500,2.500,6.000,0,young
27,5,0.000,Scooter,1,A,0.744,23.631,0.936,-0.268,0.123,0.061,0.208,../cleaned/05/05-1Scooter0A_20251110_143700_27.csv,34,Male,1.250,0.250,0.000,0.000,4.000,3.500,3.500,1.000,1,young
1,5,0.000,Scooter,1,A,1.089,24.687,1.393,-0.270,0.260,0.118,0.294,../cleaned/05/05-1Scooter0A_20251029_180047_1.csv,30,Male,2.750,0.750,0.250,0.750,3.250,2.500,2.500,6.000,0,young
28,5,0.000,Scooter,1,A,0.901,24.730,1.192,-0.334,0.130,0.082,0.250,../cleaned/05/05-1Scooter0A_20251105_090720_28.csv,25,Male,4.250,2.000,0.000,2.250,0.750,2.000,1.000,0.000,1,young
23,5,0.000,Scooter,1,A,0.948,19.734,0.745,-0.324,0.139,0.104,0.267,../cleaned/05/05-1Scooter0A_20251110_160410_23.csv,27,Male,3.500,0.750,0.000,0.000,3.250,1.500,2.000,0.500,1,young
18,5,0.000,Scooter,1,A,1.281,22.993,1.175,-0.219,0.116,0.087,0.351,../cleaned/05/05-1Scooter0A_20251107_122528_18.csv,37,Female,1.500,0.000,0.000,0.000,3.750,1.000,2.000,2.000,1,adult
10,5,0.000,Scooter,1,A,0.740,19.785,0.896,-0.113,0.138,0.058,0.210,../cleaned/05/05-1Scooter0A_20251104_125321_10.csv,26,Male,1.500,0.750,0.000,0.250,2.250,2.000,1.500,0.500,0,young
12,5,0.000,Scooter,1,A,1.156,20.744,1.237,-0.415,0.145,0.100,0.304,../cleaned/05/05-1Scooter0A_20251105_162554_12.csv,60,Female,3.500,1.000,0.000,0.750,2.750,2.000,2.000,2.000,0,adult
27,5,0.000,Scooter,1,A,0.811,24.903,0.997,-0.247,0.144,0.073,0.230,../cleaned/05/05-1Scooter0A_20251110_140737_27.csv,34,Male,1.250,0.250,0.000,0.000,4.000,3.500,3.500,1.000,1,young
29,5,0.000,Scooter,1,A,0.957,9.605,1.218,-0.396,0.159,0.132,0.273,../cleaned/05/05-1Scooter0A_20251111_165821_29.csv,35,Female,1.750,0.500,0.000,0.250,4.000,1.500,2.000,1.000,1,adult
21,5,0.000,Scooter,1,A,0.888,22.345,0.929,-0.210,0.198,0.093,0.255,../cleaned/05/05-1Scooter0A_20251110_111003_21.csv,40,Female,1.333,0.750,0.000,0.000,3.000,2.000,3.000,3.000,0,adult
7,5,0.000,Scooter,1,A,0.967,25.866,1.296,-0.197,0.096,0.099,0.268,../cleaned/05/05-1Scooter0A_20251107_144233_7.csv,21,Male,3.250,1.500,0.750,0.250,3.000,3.000,2.500,6.000,1,young
20,5,0.000,Scooter,1,A,0.922,20.128,0.877,-0.229,0.134,0.061,0.250,../cleaned/05/05-1Scooter0A_20251106_121900_20.csv,39,Male,3.000,0.750,0.000,1.250,3.500,2.000,2.000,2.000,0,adult
22,5,0.000,Scooter,1,A,0.928,18.478,0.992,-0.202,0.114,0.060,0.266,../cleaned/05/05-1Scooter0A_20251104_150558_22.csv,29,Female,3.000,2.000,2.000,0.500,2.750,4.500,3.500,9.000,1,young
24,5,0.000,Scooter,1,A,0.937,23.681,0.887,-0.299,0.210,0.099,0.270,../cleaned/05/05-1Scooter0A_20251112_140211_24.csv,32,Male,0.250,0.250,0.000,0.000,3.500,1.000,1.000,0.000,0,young
30,5,0.000,Scooter,1,A,0.967,17.578,1.106,-0.196,0.105,0.073,0.289,../cleaned/05/05-1Scooter0A_20251111_111842_30.csv,49,Female,0.250,0.250,0.000,0.000,3.000,1.000,1.000,0.000,1,adult
6,5,0.000,Scooter,1,A,0.808,22.937,1.241,-0.094,0.032,0.033,0.240,../cleaned/05/05-1Scooter0A_20251031_122128_6.csv,30,Female,0.500,0.000,0.000,0.000,4.750,1.000,1.000,0.000,1,young
31,5,0.000,Scooter,1,A,0.929,15.577,0.889,-0.406,0.126,0.079,0.266,../cleaned/05/05-1Scooter0A_20251111_093333_31.csv,34,Female,1.000,0.250,0.000,0.000,2.250,3.500,2.500,1.500,0,young
12,5,0.000,Scooter,1,A,0.983,21.737,1.217,-0.172,0.105,0.069,0.263,../cleaned/05/05-1Scooter0A_20251105_164641_12.csv,60,Female,3.500,1.000,0.000,0.750,2.750,2.000,2.000,2.000,0,adult
9,5,0.000,Scooter,1,A,0.967,23.785,1.055,-0.286,0.116,0.081,0.290,../cleaned/05/05-1Scooter0A_20251104_085430_9.csv,41,Male,3.250,0.750,0.250,0.250,2.750,2.000,2.000,1.000,1,adult
26,6,0.000,Scooter,1,B,0.674,21.645,0.835,-0.249,0.143,0.073,0.203,../cleaned/06/06-1Scooter0B_20251111_141528_26.csv,32,Female,2.500,0.750,0.250,0.500,3.500,2.000,4.000,4.000,1,young
10,6,0.000,Scooter,1,B,0.861,21.220,0.815,-0.162,0.146,0.079,0.264,../cleaned/06/06-1Scooter0B_20251104_122727_10.csv,26,Male,1.500,0.750,0.000,0.250,2.250,2.000,1.500,0.000,0,young
4,6,0.000,Scooter,1,B,0.789,17.459,0.994,-0.256,0.093,0.050,0.235,../cleaned/06/06-1Scooter0B_20251030_162320_4.csv,47,Male,1.750,2.000,1.000,1.000,2.750,2.000,2.000,1.000,1,adult
13,6,0.000,Scooter,1,B,1.062,22.951,1.374,-0.149,0.128,0.060,0.264,../cleaned/06/06-1Scooter0B_20251106_142243_13.csv,51,Female,2.750,1.250,0.750,0.500,4.750,1.000,1.000,17.500,0,adult
25,6,0.000,Scooter,1,B,1.104,22.956,1.197,-0.074,0.078,0.047,0.247,../cleaned/06/06-1Scooter0B_20251112_113429_25.csv,39,Male,1.000,0.750,0.000,0.750,4.000,4.000,3.000,4.500,1,adult
17,6,0.000,Scooter,1,B,0.842,17.127,1.490,-0.453,0.165,0.110,0.213,../cleaned/06/06-1Scooter0B_20251104_163730_17.csv,25,Male,1.250,1.000,0.000,0.250,3.250,5.500,4.500,3.000,1,young
32,6,0.000,Scooter,1,B,0.741,17.956,1.178,-0.187,0.235,0.097,0.210,../cleaned/06/06-1Scooter0B_20251110_084512_32.csv,20,Female,4.000,2.500,3.000,0.500,2.250,3.500,3.500,4.500,1,young
7,6,0.000,Scooter,1,B,1.245,24.623,1.094,-0.208,0.128,0.074,0.322,../cleaned/06/06-1Scooter0B_20251107_141222_7.csv,21,Male,3.250,1.500,0.750,0.250,3.000,3.500,4.000,7.000,1,young
30,6,0.000,Scooter,1,B,1.047,22.147,1.073,-0.280,0.191,0.117,0.316,../cleaned/06/06-1Scooter0B_20251111_111033_30.csv,49,Female,0.250,0.250,0.000,0.000,3.000,1.000,1.000,0.000,1,adult
18,6,0.000,Scooter,1,B,1.399,23.592,1.332,-0.245,0.251,0.117,0.384,../cleaned/06/06-1Scooter0B_20251107_122730_18.csv,37,Female,1.500,0.000,0.000,0.000,3.750,1.000,2.500,2.500,1,adult
1,6,0.000,Scooter,1,B,0.945,24.597,1.250,-0.214,0.200,0.087,0.260,../cleaned/06/06-1Scooter0B_20251029_185544_1.csv,30,Male,2.750,0.750,0.250,0.750,3.250,3.500,3.500,7.500,0,young
16,6,0.000,Scooter,1,B,0.918,25.269,1.181,-0.272,0.294,0.134,0.254,../cleaned/06/06-1Scooter0B_20251107_163237_16.csv,36,Male,2.500,0.500,0.250,0.000,2.500,1.000,1.000,0.000,1,adult
5,6,0.000,Scooter,1,B,1.039,21.431,0.905,-0.093,0.236,0.064,0.316,../cleaned/06/06-1Scooter0B_20251031_115021_5.csv,53,Female,1.000,0.750,1.500,0.000,2.500,1.000,1.000,0.000,0,adult
5,6,0.000,Scooter,1,B,1.065,22.949,0.804,-0.165,0.143,0.078,0.316,../cleaned/06/06-1Scooter0B_20251031_110544_5.csv,53,Female,1.000,0.750,1.500,0.000,2.500,1.000,1.000,0.000,0,adult
24,6,0.000,Scooter,1,B,0.883,25.756,0.832,-0.193,0.095,0.079,0.268,../cleaned/06/06-1Scooter0B_20251112_134114_24.csv,32,Male,0.250,0.250,0.000,0.000,3.500,1.000,2.000,0.000,0,young
16,6,0.000,Scooter,1,B,0.744,25.842,1.332,-0.094,0.070,0.052,0.191,../cleaned/06/06-1Scooter0B_20251107_164018_16.csv,36,Male,2.500,0.500,0.250,0.000,2.500,1.000,1.000,0.000,1,adult
27,6,0.000,Scooter,1,B,0.814,25.509,1.137,-0.297,0.162,0.077,0.240,../cleaned/06/06-1Scooter0B_20251110_141620_27.csv,34,Male,1.250,0.250,0.000,0.000,4.000,3.000,3.000,1.000,1,young
4,6,0.000,Scooter,1,B,0.792,9.998,0.966,-0.469,0.184,0.101,0.242,../cleaned/06/06-1Scooter0B_20251030_163241_4.csv,47,Male,1.750,2.000,1.000,1.000,2.750,2.000,2.000,1.000,1,adult
25,6,0.000,Scooter,1,B,0.957,12.950,1.087,-0.156,0.251,0.090,0.256,../cleaned/06/06-1Scooter0B_20251112_111506_25.csv,39,Male,1.000,0.750,0.000,0.750,4.000,4.000,3.000,4.500,1,adult
11,6,0.000,Scooter,1,B,0.949,15.850,0.915,-0.114,0.208,0.082,0.269,../cleaned/06/06-1Scooter0B_20251106_083932_11.csv,62,Female,0.500,0.750,0.500,0.500,2.500,3.000,3.000,2.500,1,adult
9,6,0.000,Scooter,1,B,0.967,24.265,1.161,-0.140,0.122,0.058,0.273,../cleaned/06/06-1Scooter0B_20251104_085120_9.csv,41,Male,3.250,0.750,0.250,0.250,2.750,1.500,2.500,1.500,1,adult
2,6,0.000,Scooter,1,B,0.869,20.378,0.950,-0.178,0.142,0.088,0.252,../cleaned/06/06-1Scooter0B_20251030_125815_2.csv,55,Male,2.000,0.750,0.250,0.000,4.000,1.000,1.000,0.000,0,adult
20,6,0.000,Scooter,1,B,0.879,21.121,1.223,-0.184,0.063,0.075,0.228,../cleaned/06/06-1Scooter0B_20251106_123142_20.csv,39,Male,3.000,0.750,0.000,1.250,3.500,3.500,4.000,4.000,0,adult
22,6,0.000,Scooter,1,B,0.790,18.412,0.775,-0.133,0.116,0.049,0.250,../cleaned/06/06-1Scooter0B_20251104_145040_22.csv,29,Female,3.000,2.000,2.000,0.500,2.750,7.500,6.000,13.000,1,young
29,6,0.000,Scooter,1,B,1.089,13.678,1.178,-0.226,0.225,0.124,0.302,../cleaned/06/06-1Scooter0B_20251111_164727_29.csv,35,Female,1.750,0.500,0.000,0.250,4.000,2.000,2.000,1.000,1,adult
12,6,0.000,Scooter,1,B,0.965,19.188,1.223,-0.282,0.122,0.080,0.258,../cleaned/06/06-1Scooter0B_20251105_162009_12.csv,60,Female,3.500,1.000,0.000,0.750,2.750,2.500,2.000,3.000,0,adult
6,6,0.000,Scooter,1,B,0.920,22.676,1.186,-0.141,0.074,0.052,0.258,../cleaned/06/06-1Scooter0B_20251031_123641_6.csv,30,Female,0.500,0.000,0.000,0.000,4.750,1.000,1.000,0.500,1,young
9,6,0.000,Scooter,1,B,0.911,16.863,1.129,-0.121,0.236,0.101,0.266,../cleaned/06/06-1Scooter0B_20251104_083805_9.csv,41,Male,3.250,0.750,0.250,0.250,2.750,1.500,2.500,1.500,1,adult
27,6,0.000,Scooter,1,B,0.861,14.307,1.208,-0.438,0.215,0.114,0.244,../cleaned/06/06-1Scooter0B_20251110_145009_27.csv,34,Male,1.250,0.250,0.000,0.000,4.000,3.000,3.000,1.000,1,young
23,6,0.000,Scooter,1,B,0.945,24.782,0.980,-0.184,0.182,0.085,0.259,../cleaned/06/06-1Scooter0B_20251110_163312_23.csv,27,Male,3.500,0.750,0.000,0.000,3.250,1.500,2.000,1.000,1,young
14,6,0.000,Scooter,1,B,0.768,20.132,0.824,-0.105,0.187,0.066,0.243,../cleaned/06/06-1Scooter0B_20251106_161042_14.csv,20,Female,2.250,1.250,1.250,0.000,4.000,1.500,1.500,0.500,0,young
26,6,0.000,Scooter,1,B,0.829,19.953,0.758,-0.163,0.150,0.054,0.232,../cleaned/06/06-1Scooter0B_20251111_134820_26.csv,32,Female,2.500,0.750,0.250,0.500,3.500,2.000,4.000,4.000,1,young
3,6,0.000,Scooter,1,B,1.007,12.751,1.050,-0.439,0.187,0.123,0.348,../cleaned/06/06-1Scooter0B_20251030_143457_3.csv,23,Male,2.500,0.750,0.500,0.500,3.750,1.500,2.500,1.500,1,young
1,6,0.000,Scooter,1,B,1.031,24.483,1.059,-0.170,0.156,0.080,0.305,../cleaned/06/06-1Scooter0B_20251029_184900_1.csv,30,Male,2.750,0.750,0.250,0.750,3.250,3.500,3.500,7.500,0,young
8,6,0.000,Scooter,1,B,0.794,23.426,1.066,-0.246,0.126,0.065,0.240,../cleaned/06/06-1Scooter0B_20251104_155241_8.csv,24,Male,2.750,1.250,1.750,0.000,2.250,5.500,3.500,1.500,0,young
23,6,0.000,Scooter,1,B,1.002,24.415,1.215,-0.199,0.120,0.069,0.265,../cleaned/06/06-1Scooter0B_20251110_161510_23.csv,27,Male,3.500,0.750,0.000,0.000,3.250,1.500,2.000,1.000,1,young
2,6,0.000,Scooter,1,B,0.802,22.898,1.006,-0.161,0.102,0.052,0.239,../cleaned/06/06-1Scooter0B_20251030_121545_2.csv,55,Male,2.000,0.750,0.250,0.000,4.000,1.000,1.000,0.000,0,adult
31,6,0.000,Scooter,1,B,0.843,19.823,0.790,-0.144,0.126,0.056,0.275,../cleaned/06/06-1Scooter0B_20251111_091816_31.csv,34,Female,1.000,0.250,0.000,0.000,2.250,2.000,2.500,2.000,0,young
12,6,0.000,Scooter,1,B,1.213,20.892,1.546,-0.130,0.104,0.061,0.315,../cleaned/06/06-1Scooter0B_20251105_164145_12.csv,60,Female,3.500,1.000,0.000,0.750,2.750,2.500,2.000,3.000,0,adult
14,6,0.000,Scooter,1,B,1.355,23.303,1.064,-0.293,0.116,0.086,0.410,../cleaned/06/06-1Scooter0B_20251106_163217_14.csv,20,Female,2.250,1.250,1.250,0.000,4.000,1.500,1.500,0.500,0,young
10,6,0.000,Scooter,1,B,0.774,13.853,0.880,-0.185,0.176,0.073,0.227,../cleaned/06/06-1Scooter0B_20251104_124817_10.csv,26,Male,1.500,0.750,0.000,0.250,2.250,2.000,1.500,0.000,0,young
32,6,0.000,Scooter,1,B,0.805,18.893,1.333,-0.099,0.089,0.052,0.232,../cleaned/06/06-1Scooter0B_20251110_090024_32.csv,20,Female,4.000,2.500,3.000,0.500,2.250,3.500,3.500,4.500,1,young
21,6,0.000,Scooter,1,B,0.967,25.022,1.014,-0.162,0.127,0.073,0.236,../cleaned/06/06-1Scooter0B_20251110_104224_21.csv,40,Female,1.333,0.750,0.000,0.000,3.000,3.500,4.000,3.000,0,adult
28,6,0.000,Scooter,1,B,0.900,23.893,1.087,-0.305,0.261,0.115,0.254,../cleaned/06/06-1Scooter0B_20251105_090026_28.csv,25,Male,4.250,2.000,0.000,2.250,0.750,3.000,2.500,2.500,1,young
22,6,0.000,Scooter,1,B,0.796,20.001,0.965,-0.098,0.189,0.063,0.231,../cleaned/06/06-1Scooter0B_20251104_150743_22.csv,29,Female,3.000,2.000,2.000,0.500,2.750,7.500,6.000,13.000,1,young
29,6,0.000,Scooter,1,B,0.855,10.448,0.914,-0.173,0.195,0.078,0.236,../cleaned/06/06-1Scooter0B_20251111_162600_29.csv,35,Female,1.750,0.500,0.000,0.250,4.000,2.000,2.000,1.000,1,adult
11,6,0.000,Scooter,1,B,0.829,23.893,1.003,-0.532,0.264,0.135,0.256,../cleaned/06/06-1Scooter0B_20251106_085527_11.csv,62,Female,0.500,0.750,0.500,0.500,2.500,3.000,3.000,2.500,1,adult
6,6,0.000,Scooter,1,B,0.861,24.206,1.358,-0.080,0.037,0.031,0.239,../cleaned/06/06-1Scooter0B_20251031_122657_6.csv,30,Female,0.500,0.000,0.000,0.000,4.750,1.000,1.000,0.500,1,young
31,6,0.000,Scooter,1,B,0.926,22.214,0.945,-0.157,0.057,0.062,0.267,../cleaned/06/06-1Scooter0B_20251111_094032_31.csv,34,Female,1.000,0.250,0.000,0.000,2.250,2.000,2.500,2.000,0,young
30,6,0.000,Scooter,1,B,0.978,17.677,1.237,-0.131,0.169,0.066,0.296,../cleaned/06/06-1Scooter0B_20251111_112455_30.csv,49,Female,0.250,0.250,0.000,0.000,3.000,1.000,1.000,0.000,1,adult
18,6,0.000,Scooter,1,B,1.451,22.853,1.282,-0.158,0.057,0.060,0.378,../cleaned/06/06-1Scooter0B_20251107_121523_18.csv,37,Female,1.500,0.000,0.000,0.000,3.750,1.000,2.500,2.500,1,adult
7,6,0.000,Scooter,1,B,1.192,21.902,1.113,-0.164,0.141,0.078,0.347,../cleaned/06/06-1Scooter0B_20251107_143755_7.csv,21,Male,3.250,1.500,0.750,0.250,3.000,3.500,4.000,7.000,1,young
13,6,0.000,Scooter,1,B,0.903,21.153,1.339,-0.118,0.069,0.048,0.229,../cleaned/06/06-1Scooter0B_20251106_143736_13.csv,51,Female,2.750,1.250,0.750,0.500,4.750,1.000,1.000,17.500,0,adult
8,6,0.000,Scooter,1,B,0.881,24.442,1.083,-0.263,0.068,0.063,0.242,../cleaned/06/06-1Scooter0B_20251104_152731_8.csv,24,Male,2.750,1.250,1.750,0.000,2.250,5.500,3.500,1.500,0,young
30,7,0.600,Scooter,1,A,1.148,13.668,1.163,-0.150,0.092,0.068,0.334,../cleaned/07/07-1Scooter6A_20251111_113457_30.csv,49,Female,0.250,0.250,0.000,0.000,3.000,1.000,1.000,0.000,1,adult
3,7,0.600,Scooter,1,A,1.283,25.039,1.457,-0.094,0.073,0.044,0.339,../cleaned/07/07-1Scooter6A_20251030_144852_3.csv,23,Male,2.500,0.750,0.500,0.500,3.750,1.500,2.000,2.000,1,young
12,7,0.600,Scooter,1,A,1.458,18.167,1.352,-0.190,0.092,0.080,0.396,../cleaned/07/07-1Scooter6A_20251105_162258_12.csv,60,Female,3.500,1.000,0.000,0.750,2.750,1.500,2.000,2.500,0,adult
11,7,0.600,Scooter,1,A,0.997,17.006,1.139,-0.159,0.095,0.069,0.287,../cleaned/07/07-1Scooter6A_20251106_084032_11.csv,62,Female,0.500,0.750,0.500,0.500,2.500,2.000,2.000,2.500,1,adult
22,7,0.600,Scooter,1,A,1.163,21.688,0.942,-0.129,0.067,0.042,0.330,../cleaned/07/07-1Scooter6A_20251104_145248_22.csv,29,Female,3.000,2.000,2.000,0.500,2.750,4.000,3.500,14.500,1,young
9,7,0.600,Scooter,1,A,1.020,24.812,1.031,-0.320,0.099,0.084,0.270,../cleaned/07/07-1Scooter6A_20251104_083946_9.csv,41,Male,3.250,0.750,0.250,0.250,2.750,1.000,2.000,1.000,1,adult
28,7,0.600,Scooter,1,A,1.052,24.617,1.273,-0.132,0.072,0.049,0.295,../cleaned/07/07-1Scooter6A_20251105_084850_28.csv,25,Male,4.250,2.000,0.000,2.250,0.750,1.000,1.000,0.000,1,young
24,7,0.600,Scooter,1,A,1.117,23.440,1.010,-0.123,0.141,0.057,0.323,../cleaned/07/07-1Scooter6A_20251112_135113_24.csv,32,Male,0.250,0.250,0.000,0.000,3.500,1.000,1.000,0.000,0,young
14,7,0.600,Scooter,1,A,1.352,23.223,1.045,-0.311,0.090,0.082,0.387,../cleaned/07/07-1Scooter6A_20251106_163309_14.csv,20,Female,2.250,1.250,1.250,0.000,4.000,1.000,1.000,0.000,0,young
6,7,0.600,Scooter,1,A,1.166,23.260,1.174,-0.213,0.148,0.073,0.307,../cleaned/07/07-1Scooter6A_20251031_122438_6.csv,30,Female,0.500,0.000,0.000,0.000,4.750,1.000,1.000,0.000,1,young
27,7,0.600,Scooter,1,A,0.878,22.340,1.206,-0.049,0.041,0.026,0.236,../cleaned/07/07-1Scooter6A_20251110_141158_27.csv,34,Male,1.250,0.250,0.000,0.000,4.000,2.000,1.500,0.000,1,young
31,7,0.600,Scooter,1,A,1.081,17.518,0.872,-0.088,0.124,0.041,0.304,../cleaned/07/07-1Scooter6A_20251111_092944_31.csv,34,Female,1.000,0.250,0.000,0.000,2.250,1.000,1.000,0.500,0,young
4,7,0.600,Scooter,1,A,0.966,10.149,1.066,-0.113,0.093,0.049,0.274,../cleaned/07/07-1Scooter6A_20251030_164140_4.csv,47,Male,1.750,2.000,1.000,1.000,2.750,2.000,2.000,1.000,1,adult
7,7,0.600,Scooter,1,A,1.166,20.957,1.064,-0.224,0.248,0.097,0.321,../cleaned/07/07-1Scooter6A_20251107_144442_7.csv,21,Male,3.250,1.500,0.750,0.250,3.000,3.500,4.500,9.000,1,young
28,7,0.600,Scooter,1,A,1.152,25.634,1.085,-0.109,0.071,0.040,0.323,../cleaned/07/07-1Scooter6A_20251105_090858_28.csv,25,Male,4.250,2.000,0.000,2.250,0.750,1.000,1.000,0.000,1,young
13,7,0.600,Scooter,1,A,1.107,19.143,1.165,-0.073,0.061,0.034,0.313,../cleaned/07/07-1Scooter6A_20251106_143250_13.csv,51,Female,2.750,1.250,0.750,0.500,4.750,1.000,1.000,6.500,0,adult
16,7,0.600,Scooter,1,A,0.961,23.491,1.309,-0.203,0.176,0.102,0.236,../cleaned/07/07-1Scooter6A_20251107_163455_16.csv,36,Male,2.500,0.500,0.250,0.000,2.500,1.000,1.000,0.000,1,adult
27,7,0.600,Scooter,1,A,0.795,13.140,1.138,-0.054,0.121,0.038,0.230,../cleaned/07/07-1Scooter6A_20251110_144000_27.csv,34,Male,1.250,0.250,0.000,0.000,4.000,2.000,1.500,0.000,1,young
8,7,0.600,Scooter,1,A,1.226,24.594,1.058,-0.115,0.100,0.047,0.326,../cleaned/07/07-1Scooter6A_20251104_154703_8.csv,24,Male,2.750,1.250,1.750,0.000,2.250,2.000,1.500,0.500,0,young
4,7,0.600,Scooter,1,A,0.804,10.640,1.025,-0.110,0.068,0.030,0.231,../cleaned/07/07-1Scooter6A_20251030_161915_4.csv,47,Male,1.750,2.000,1.000,1.000,2.750,2.000,2.000,1.000,1,adult
11,7,0.600,Scooter,1,A,0.953,22.213,1.025,-0.252,0.223,0.074,0.281,../cleaned/07/07-1Scooter6A_20251106_085116_11.csv,62,Female,0.500,0.750,0.500,0.500,2.500,2.000,2.000,2.500,1,adult
14,7,0.600,Scooter,1,A,1.087,19.285,0.979,-0.141,0.085,0.048,0.312,../cleaned/07/07-1Scooter6A_20251106_161347_14.csv,20,Female,2.250,1.250,1.250,0.000,4.000,1.000,1.000,0.000,0,young
17,7,0.600,Scooter,1,A,1.040,20.787,1.441,-0.074,0.068,0.034,0.267,../cleaned/07/07-1Scooter6A_20251104_160901_17.csv,25,Male,1.250,1.000,0.000,0.250,3.250,3.000,1.500,0.500,1,young
32,7,0.600,Scooter,1,A,1.022,17.817,1.371,-0.043,0.046,0.025,0.278,../cleaned/07/07-1Scooter6A_20251110_085931_32.csv,20,Female,4.000,2.500,3.000,0.500,2.250,3.000,3.000,4.500,1,young
25,7,0.600,Scooter,1,A,1.133,14.797,1.121,-0.127,0.165,0.071,0.311,../cleaned/07/07-1Scooter6A_20251112_111825_25.csv,39,Male,1.000,0.750,0.000,0.750,4.000,3.500,4.000,5.000,1,adult
6,7,0.600,Scooter,1,A,1.438,23.142,1.140,-0.094,0.126,0.048,0.404,../cleaned/07/07-1Scooter6A_20251031_123917_6.csv,30,Female,0.500,0.000,0.000,0.000,4.750,1.000,1.000,0.000,1,young
31,7,0.600,Scooter,1,A,1.110,18.628,0.982,-0.184,0.046,0.043,0.310,../cleaned/07/07-1Scooter6A_20251111_094815_31.csv,34,Female,1.000,0.250,0.000,0.000,2.250,1.000,1.000,0.500,0,young
25,7,0.600,Scooter,1,A,1.348,22.292,1.149,-0.088,0.136,0.049,0.372,../cleaned/07/07-1Scooter6A_20251112_113623_25.csv,39,Male,1.000,0.750,0.000,0.750,4.000,3.500,4.000,5.000,1,adult
29,7,0.600,Scooter,1,A,1.058,14.270,1.036,-0.229,0.116,0.090,0.315,../cleaned/07/07-1Scooter6A_20251111_161907_29.csv,35,Female,1.750,0.500,0.000,0.250,4.000,1.500,1.000,0.500,1,adult
9,7,0.600,Scooter,1,A,1.116,23.640,1.102,-0.155,0.094,0.051,0.312,../cleaned/07/07-1Scooter6A_20251104_085254_9.csv,41,Male,3.250,0.750,0.250,0.250,2.750,1.000,2.000,1.000,1,adult
18,7,0.600,Scooter,1,A,1.160,21.203,1.170,-0.123,0.052,0.052,0.327,../cleaned/07/07-1Scooter6A_20251107_120928_18.csv,37,Female,1.500,0.000,0.000,0.000,3.750,1.000,2.000,1.500,1,adult
2,7,0.600,Scooter,1,A,1.248,23.248,0.987,-0.147,0.100,0.060,0.396,../cleaned/07/07-1Scooter6A_20251030_122517_2.csv,55,Male,2.000,0.750,0.250,0.000,4.000,1.000,1.000,0.000,0,adult
18,7,0.600,Scooter,1,A,1.466,22.172,1.315,-0.085,0.046,0.044,0.396,../cleaned/07/07-1Scooter6A_20251107_122618_18.csv,37,Female,1.500,0.000,0.000,0.000,3.750,1.000,2.000,1.500,1,adult
30,7,0.600,Scooter,1,A,1.092,14.645,1.155,-0.147,0.121,0.059,0.314,../cleaned/07/07-1Scooter6A_20251111_112034_30.csv,49,Female,0.250,0.250,0.000,0.000,3.000,1.000,1.000,0.000,1,adult
29,7,0.600,Scooter,1,A,1.274,19.336,1.318,-0.469,0.183,0.120,0.357,../cleaned/07/07-1Scooter6A_20251111_164125_29.csv,35,Female,1.750,0.500,0.000,0.250,4.000,1.500,1.000,0.500,1,adult
20,7,0.600,Scooter,1,A,1.138,20.287,0.978,-0.174,0.097,0.054,0.306,../cleaned/07/07-1Scooter6A_20251106_123859_20.csv,39,Male,3.000,0.750,0.000,1.250,3.500,1.500,1.500,1.000,0,adult
13,7,0.600,Scooter,1,A,1.185,22.306,1.511,-0.221,0.113,0.089,0.308,../cleaned/07/07-1Scooter6A_20251106_144629_13.csv,51,Female,2.750,1.250,0.750,0.500,4.750,1.000,1.000,6.500,0,adult
21,7,0.600,Scooter,1,A,1.249,21.862,0.971,-0.104,0.120,0.059,0.339,../cleaned/07/07-1Scooter6A_20251110_111239_21.csv,40,Female,1.333,0.750,0.000,0.000,3.000,1.500,2.500,2.500,0,adult
2,7,0.600,Scooter,1,A,0.970,21.202,0.756,-0.105,0.099,0.057,0.274,../cleaned/07/07-1Scooter6A_20251030_121816_2.csv,55,Male,2.000,0.750,0.250,0.000,4.000,1.000,1.000,0.000,0,adult
23,7,0.600,Scooter,1,A,0.985,15.965,1.214,-0.126,0.149,0.062,0.260,../cleaned/07/07-1Scooter6A_20251110_160829_23.csv,27,Male,3.500,0.750,0.000,0.000,3.250,1.500,2.000,1.500,1,young
8,7,0.600,Scooter,1,A,1.074,20.945,0.955,-0.079,0.197,0.062,0.291,../cleaned/07/07-1Scooter6A_20251104_152220_8.csv,24,Male,2.750,1.250,1.750,0.000,2.250,2.000,1.500,0.500,0,young
22,7,0.600,Scooter,1,A,1.265,12.727,0.923,-0.234,0.076,0.046,0.375,../cleaned/07/07-1Scooter6A_20251104_141956_22.csv,29,Female,3.000,2.000,2.000,0.500,2.750,4.000,3.500,14.500,1,young
1,7,0.600,Scooter,1,A,1.253,23.971,1.175,-0.247,0.126,0.065,0.322,../cleaned/07/07-1Scooter6A_20251029_175726_1.csv,30,Male,2.750,0.750,0.250,0.750,3.250,2.500,2.500,4.500,0,young
26,7,0.600,Scooter,1,A,1.106,16.901,0.837,-0.112,0.075,0.049,0.309,../cleaned/07/07-1Scooter6A_20251111_141845_26.csv,32,Female,2.500,0.750,0.250,0.500,3.500,1.000,1.000,0.000,1,young
26,7,0.600,Scooter,1,A,1.103,16.618,0.687,-0.102,0.143,0.066,0.319,../cleaned/07/07-1Scooter6A_20251111_135437_26.csv,32,Female,2.500,0.750,0.250,0.500,3.500,1.000,1.000,0.000,1,young
10,7,0.600,Scooter,1,A,0.801,9.716,0.941,-0.159,0.207,0.069,0.242,../cleaned/07/07-1Scooter6A_20251104_123744_10.csv,26,Male,1.500,0.750,0.000,0.250,2.250,1.000,1.000,0.000,0,young
10,7,0.600,Scooter,1,A,0.908,18.047,1.004,-0.045,0.072,0.022,0.279,../cleaned/07/07-1Scooter6A_20251104_130001_10.csv,26,Male,1.500,0.750,0.000,0.250,2.250,1.000,1.000,0.000,0,young
16,7,0.600,Scooter,1,A,1.242,19.199,1.025,-0.182,0.176,0.079,0.340,../cleaned/07/07-1Scooter6A_20251107_161822_16.csv,36,Male,2.500,0.500,0.250,0.000,2.500,1.000,1.000,0.000,1,adult
20,7,0.600,Scooter,1,A,1.353,22.633,0.973,-0.146,0.181,0.067,0.360,../cleaned/07/07-1Scooter6A_20251106_121554_20.csv,39,Male,3.000,0.750,0.000,1.250,3.500,1.500,1.500,1.000,0,adult
32,7,0.600,Scooter,1,A,1.054,23.205,1.269,-0.084,0.006,0.024,0.281,../cleaned/07/07-1Scooter6A_20251110_091941_32.csv,20,Female,4.000,2.500,3.000,0.500,2.250,3.000,3.000,4.500,1,young
17,8,0.600,Scooter,1,B,0.943,20.819,1.263,-0.077,0.102,0.033,0.269,../cleaned/08/08-1Scooter6B_20251104_162629_17.csv,25,Male,1.250,1.000,0.000,0.250,3.250,3.000,1.000,0.500,1,young
27,8,0.600,Scooter,1,B,0.849,24.894,1.146,-0.086,0.078,0.040,0.244,../cleaned/08/08-1Scooter6B_20251110_144917_27.csv,34,Male,1.250,0.250,0.000,0.000,4.000,2.000,1.500,0.000,1,young
29,8,0.600,Scooter,1,B,1.172,11.959,1.217,-0.160,0.055,0.064,0.314,../cleaned/08/08-1Scooter6B_20251111_164311_29.csv,35,Female,1.750,0.500,0.000,0.250,4.000,1.500,1.500,1.000,1,adult
27,8,0.600,Scooter,1,B,0.966,25.240,1.095,-0.117,0.080,0.051,0.267,../cleaned/08/08-1Scooter6B_20251110_142915_27.csv,34,Male,1.250,0.250,0.000,0.000,4.000,2.000,1.500,0.000,1,young
4,8,0.600,Scooter,1,B,0.859,7.303,1.060,-0.113,0.052,0.035,0.259,../cleaned/08/08-1Scooter6B_20251030_162017_4.csv,47,Male,1.750,2.000,1.000,1.000,2.750,2.000,2.000,1.000,1,adult
30,8,0.600,Scooter,1,B,1.182,20.173,1.240,-0.129,0.087,0.061,0.318,../cleaned/08/08-1Scooter6B_20251111_112936_30.csv,49,Female,0.250,0.250,0.000,0.000,3.000,1.000,1.000,0.000,1,adult
12,8,0.600,Scooter,1,B,1.368,18.898,1.355,-0.097,0.059,0.045,0.376,../cleaned/08/08-1Scooter6B_20251105_162946_12.csv,60,Female,3.500,1.000,0.000,0.750,2.750,2.000,2.000,2.500,0,adult
20,8,0.600,Scooter,1,B,1.172,20.626,0.923,-0.110,0.107,0.060,0.310,../cleaned/08/08-1Scooter6B_20251106_122215_20.csv,39,Male,3.000,0.750,0.000,1.250,3.500,2.000,2.000,1.500,0,adult
22,8,0.600,Scooter,1,B,1.341,19.015,1.104,-0.092,0.043,0.030,0.401,../cleaned/08/08-1Scooter6B_20251104_145835_22.csv,29,Female,3.000,2.000,2.000,0.500,2.750,5.500,4.500,12.000,1,young
3,8,0.600,Scooter,1,B,1.307,20.240,1.461,-0.145,0.097,0.072,0.347,../cleaned/08/08-1Scooter6B_20251030_144006_3.csv,23,Male,2.500,0.750,0.500,0.500,3.750,1.000,1.500,1.500,1,young
20,8,0.600,Scooter,1,B,1.087,19.384,0.986,-0.195,0.166,0.074,0.292,../cleaned/08/08-1Scooter6B_20251106_124600_20.csv,39,Male,3.000,0.750,0.000,1.250,3.500,2.000,2.000,1.500,0,adult
18,8,0.600,Scooter,1,B,1.234,24.078,1.203,-0.142,0.147,0.061,0.347,../cleaned/08/08-1Scooter6B_20251107_121817_18.csv,37,Female,1.500,0.000,0.000,0.000,3.750,1.000,1.500,1.500,1,adult
16,8,0.600,Scooter,1,B,1.246,23.363,1.503,-0.206,0.088,0.071,0.329,../cleaned/08/08-1Scooter6B_20251107_164152_16.csv,36,Male,2.500,0.500,0.250,0.000,2.500,1.000,1.000,0.000,1,adult
10,8,0.600,Scooter,1,B,0.860,14.421,0.999,-0.061,0.049,0.027,0.265,../cleaned/08/08-1Scooter6B_20251104_123433_10.csv,26,Male,1.500,0.750,0.000,0.250,2.250,1.000,1.500,0.500,0,young
32,8,0.600,Scooter,1,B,1.219,21.631,1.224,-0.090,0.090,0.051,0.325,../cleaned/08/08-1Scooter6B_20251110_085301_32.csv,20,Female,4.000,2.500,3.000,0.500,2.250,3.000,4.000,4.000,1,young
30,8,0.600,Scooter,1,B,1.122,21.637,1.181,-0.100,0.091,0.055,0.309,../cleaned/08/08-1Scooter6B_20251111_111429_30.csv,49,Female,0.250,0.250,0.000,0.000,3.000,1.000,1.000,0.000,1,adult
8,8,0.600,Scooter,1,B,0.893,25.736,1.197,-0.127,0.116,0.054,0.236,../cleaned/08/08-1Scooter6B_20251104_154241_8.csv,24,Male,2.750,1.250,1.750,0.000,2.250,3.000,2.000,0.500,0,young
31,8,0.600,Scooter,1,B,1.051,17.224,0.638,-0.113,0.097,0.041,0.331,../cleaned/08/08-1Scooter6B_20251111_091056_31.csv,34,Female,1.000,0.250,0.000,0.000,2.250,2.000,2.000,0.500,0,young
17,8,0.600,Scooter,1,B,1.021,21.615,1.558,-0.045,0.046,0.028,0.282,../cleaned/08/08-1Scooter6B_20251104_161223_17.csv,25,Male,1.250,1.000,0.000,0.250,3.250,3.000,1.000,0.500,1,young
29,8,0.600,Scooter,1,B,0.969,15.924,1.022,-0.267,0.179,0.093,0.255,../cleaned/08/08-1Scooter6B_20251111_162219_29.csv,35,Female,1.750,0.500,0.000,0.250,4.000,1.500,1.500,1.000,1,adult
25,8,0.600,Scooter,1,B,1.356,23.506,1.183,-0.091,0.091,0.045,0.355,../cleaned/08/08-1Scooter6B_20251112_112400_25.csv,39,Male,1.000,0.750,0.000,0.750,4.000,4.000,3.500,4.000,1,adult
4,8,0.600,Scooter,1,B,1.117,14.147,1.103,-0.117,0.127,0.052,0.326,../cleaned/08/08-1Scooter6B_20251030_164725_4.csv,47,Male,1.750,2.000,1.000,1.000,2.750,2.000,2.000,1.000,1,adult
10,8,0.600,Scooter,1,B,0.794,9.831,0.975,-0.066,0.072,0.039,0.237,../cleaned/08/08-1Scooter6B_20251104_125539_10.csv,26,Male,1.500,0.750,0.000,0.250,2.250,1.000,1.500,0.500,0,young
26,8,0.600,Scooter,1,B,1.177,16.632,0.767,-0.104,0.124,0.052,0.366,../cleaned/08/08-1Scooter6B_20251111_133808_26.csv,32,Female,2.500,0.750,0.250,0.500,3.500,2.500,3.000,4.000,1,young
7,8,0.600,Scooter,1,B,1.446,19.606,1.065,-0.081,0.167,0.053,0.394,../cleaned/08/08-1Scooter6B_20251107_144715_7.csv,21,Male,3.250,1.500,0.750,0.250,3.000,5.000,5.000,10.500,1,young
9,8,0.600,Scooter,1,B,1.067,24.336,1.121,-0.086,0.066,0.048,0.290,../cleaned/08/08-1Scooter6B_20251104_084544_9.csv,41,Male,3.250,0.750,0.250,0.250,2.750,1.500,1.500,1.000,1,adult
11,8,0.600,Scooter,1,B,1.170,22.044,1.112,-0.143,0.131,0.056,0.348,../cleaned/08/08-1Scooter6B_20251106_083435_11.csv,62,Female,0.500,0.750,0.500,0.500,2.500,2.500,3.000,3.000,1,adult
21,8,0.600,Scooter,1,B,1.380,21.894,0.998,-0.141,0.193,0.087,0.365,../cleaned/08/08-1Scooter6B_20251110_110154_21.csv,40,Female,1.333,0.750,0.000,0.000,3.000,4.000,3.500,3.000,0,adult
9,8,0.600,Scooter,1,B,1.011,20.779,1.200,-0.076,0.055,0.031,0.274,../cleaned/08/08-1Scooter6B_20251104_085823_9.csv,41,Male,3.250,0.750,0.250,0.250,2.750,1.500,1.500,1.000,1,adult
2,8,0.600,Scooter,1,B,1.153,17.504,0.815,-0.078,0.075,0.038,0.339,../cleaned/08/08-1Scooter6B_20251030_120859_2.csv,55,Male,2.000,0.750,0.250,0.000,4.000,1.000,1.000,0.000,0,adult
6,8,0.600,Scooter,1,B,1.443,18.890,1.169,-0.099,0.218,0.081,0.419,../cleaned/08/08-1Scooter6B_20251031_121631_6.csv,30,Female,0.500,0.000,0.000,0.000,4.750,1.000,1.000,0.000,1,young
8,8,0.600,Scooter,1,B,1.328,24.711,1.204,-0.087,0.097,0.053,0.367,../cleaned/08/08-1Scooter6B_20251104_155618_8.csv,24,Male,2.750,1.250,1.750,0.000,2.250,3.000,2.000,0.500,0,young
23,8,0.600,Scooter,1,B,1.315,20.826,1.106,-0.101,0.119,0.057,0.411,../cleaned/08/08-1Scooter6B_20251110_161831_23.csv,27,Male,3.500,0.750,0.000,0.000,3.250,1.500,1.500,0.500,1,young
6,8,0.600,Scooter,1,B,1.289,22.685,1.294,-0.054,0.086,0.037,0.340,../cleaned/08/08-1Scooter6B_20251031_123216_6.csv,30,Female,0.500,0.000,0.000,0.000,4.750,1.000,1.000,0.000,1,young
22,8,0.600,Scooter,1,B,1.226,17.248,0.879,-0.145,0.163,0.078,0.371,../cleaned/08/08-1Scooter6B_20251104_144314_22.csv,29,Female,3.000,2.000,2.000,0.500,2.750,5.500,4.500,12.000,1,young
2,8,0.600,Scooter,1,B,1.217,20.325,1.030,-0.109,0.125,0.060,0.343,../cleaned/08/08-1Scooter6B_20251030_125518_2.csv,55,Male,2.000,0.750,0.250,0.000,4.000,1.000,1.000,0.000,0,adult
1,8,0.600,Scooter,1,B,1.399,24.768,1.220,-0.179,0.217,0.101,0.377,../cleaned/08/08-1Scooter6B_20251029_185228_1.csv,30,Male,2.750,0.750,0.250,0.750,3.250,3.000,3.000,6.000,0,young
32,8,0.600,Scooter,1,B,1.343,18.897,1.385,-0.107,0.047,0.038,0.343,../cleaned/08/08-1Scooter6B_20251110_091524_32.csv,20,Female,4.000,2.500,3.000,0.500,2.250,3.000,4.000,4.000,1,young
13,8,0.600,Scooter,1,B,1.428,23.551,1.346,-0.144,0.110,0.065,0.367,../cleaned/08/08-1Scooter6B_20251106_144324_13.csv,51,Female,2.750,1.250,0.750,0.500,4.750,1.000,1.000,7.500,0,adult
31,8,0.600,Scooter,1,B,1.149,21.548,0.930,-0.103,0.065,0.028,0.318,../cleaned/08/08-1Scooter6B_20251111_093111_31.csv,34,Female,1.000,0.250,0.000,0.000,2.250,2.000,2.000,0.500,0,young
25,8,0.600,Scooter,1,B,1.438,24.594,1.330,-0.118,0.095,0.061,0.394,../cleaned/08/08-1Scooter6B_20251112_115337_25.csv,39,Male,1.000,0.750,0.000,0.750,4.000,4.000,3.500,4.000,1,adult
3,8,0.600,Scooter,1,B,1.083,16.314,1.306,-0.100,0.096,0.061,0.302,../cleaned/08/08-1Scooter6B_20251030_142215_3.csv,23,Male,2.500,0.750,0.500,0.500,3.750,1.000,1.500,1.500,1,young
24,8,0.600,Scooter,1,B,0.890,23.388,0.915,-0.102,0.075,0.043,0.267,../cleaned/08/08-1Scooter6B_20251112_134901_24.csv,32,Male,0.250,0.250,0.000,0.000,3.500,1.000,1.000,0.000,0,young
26,8,0.600,Scooter,1,B,1.172,21.217,0.786,-0.127,0.095,0.052,0.342,../cleaned/08/08-1Scooter6B_20251111_135905_26.csv,32,Female,2.500,0.750,0.250,0.500,3.500,2.500,3.000,4.000,1,young
28,8,0.600,Scooter,1,B,1.146,24.656,1.054,-0.199,0.165,0.087,0.333,../cleaned/08/08-1Scooter6B_20251105_085754_28.csv,25,Male,4.250,2.000,0.000,2.250,0.750,1.000,1.500,1.000,1,young
16,8,0.600,Scooter,1,B,1.338,23.205,1.338,-0.121,0.097,0.066,0.353,../cleaned/08/08-1Scooter6B_20251107_162741_16.csv,36,Male,2.500,0.500,0.250,0.000,2.500,1.000,1.000,0.000,1,adult
14,8,0.600,Scooter,1,B,1.419,21.900,0.982,-0.080,0.079,0.034,0.392,../cleaned/08/08-1Scooter6B_20251106_161803_14.csv,20,Female,2.250,1.250,1.250,0.000,4.000,1.000,1.500,1.000,0,young
11,8,0.600,Scooter,1,B,1.064,8.355,1.117,-0.196,0.117,0.068,0.288,../cleaned/08/08-1Scooter6B_20251106_084910_11.csv,62,Female,0.500,0.750,0.500,0.500,2.500,2.500,3.000,3.000,1,adult
12,8,0.600,Scooter,1,B,1.349,11.245,1.171,-0.159,0.155,0.068,0.367,../cleaned/08/08-1Scooter6B_20251105_161356_12.csv,60,Female,3.500,1.000,0.000,0.750,2.750,2.000,2.000,2.500,0,adult
30,9,0.000,Bike,2,A,1.113,17.783,1.149,-0.105,0.169,0.073,0.298,../cleaned/09/09-2BikeScooter0A_20251111_112308_30.csv,49,Female,0.250,0.250,0.000,0.000,3.000,1.000,1.000,0.000,1,adult
30,9,0.000,Bike,2,A,1.003,19.062,0.899,-0.262,0.368,0.121,0.275,../cleaned/09/09-2BikeScooter0A_20251111_110933_30.csv,49,Female,0.250,0.250,0.000,0.000,3.000,1.000,1.000,0.000,1,adult
17,9,0.000,Bike,2,A,0.518,18.736,1.307,-0.312,0.169,0.087,0.140,../cleaned/09/09-2BikeScooter0A_20251104_161842_17.csv,25,Male,1.250,1.000,0.000,0.250,3.250,6.500,5.000,3.000,1,young
31,9,0.000,Bike,2,A,0.824,17.229,0.569,-0.189,0.343,0.080,0.274,../cleaned/09/09-2BikeScooter0A_20251111_092209_31.csv,34,Female,1.000,0.250,0.000,0.000,2.250,4.000,3.500,3.500,0,young
3,9,0.000,Bike,2,A,0.905,23.972,1.253,-0.497,0.304,0.137,0.274,../cleaned/09/09-2BikeScooter0A_20251030_143914_3.csv,23,Male,2.500,0.750,0.500,0.500,3.750,2.000,3.000,2.500,1,young
27,9,0.000,Bike,2,A,0.754,24.708,1.076,-0.326,0.305,0.131,0.223,../cleaned/09/09-2BikeScooter0A_20251110_143342_27.csv,34,Male,1.250,0.250,0.000,0.000,4.000,6.000,7.500,2.000,1,young
16,9,0.000,Bike,2,A,1.061,25.276,1.254,-0.031,0.086,0.045,0.278,../cleaned/09/09-2BikeScooter0A_20251107_163932_16.csv,36,Male,2.500,0.500,0.250,0.000,2.500,1.000,1.000,0.000,1,adult
27,9,0.000,Bike,2,A,0.834,24.963,0.958,-0.335,0.183,0.100,0.243,../cleaned/09/09-2BikeScooter0A_20251110_140328_27.csv,34,Male,1.250,0.250,0.000,0.000,4.000,6.000,7.500,2.000,1,young
21,9,0.000,Bike,2,A,0.929,24.060,0.979,-0.225,0.160,0.100,0.251,../cleaned/09/09-2BikeScooter0A_20251110_104824_21.csv,40,Female,1.333,0.750,0.000,0.000,3.000,4.000,5.000,4.500,0,adult
28,9,0.000,Bike,2,A,1.010,24.551,1.047,-0.185,0.229,0.103,0.291,../cleaned/09/09-2BikeScooter0A_20251105_084229_28.csv,25,Male,4.250,2.000,0.000,2.250,0.750,1.500,1.500,0.500,1,young
26,9,0.000,Bike,2,A,0.692,22.561,0.777,-0.159,0.167,0.081,0.211,../cleaned/09/09-2BikeScooter0A_20251111_140221_26.csv,32,Female,2.500,0.750,0.250,0.500,3.500,4.500,4.500,5.500,1,young
16,9,0.000,Bike,2,A,1.054,24.556,1.251,-0.001,0.118,0.056,0.274,../cleaned/09/09-2BikeScooter0A_20251107_162154_16.csv,36,Male,2.500,0.500,0.250,0.000,2.500,1.000,1.000,0.000,1,adult
20,9,0.000,Bike,2,A,0.953,14.470,0.911,-0.264,0.156,0.091,0.271,../cleaned/09/09-2BikeScooter0A_20251106_123556_20.csv,39,Male,3.000,0.750,0.000,1.250,3.500,3.500,3.500,4.500,0,adult
4,9,0.000,Bike,2,A,0.936,18.414,0.958,-0.383,0.113,0.083,0.241,../cleaned/09/09-2BikeScooter0A_20251030_161542_4.csv,47,Male,1.750,2.000,1.000,1.000,2.750,2.000,2.000,1.000,1,adult
6,9,0.000,Bike,2,A,0.945,14.708,1.219,-0.249,0.151,0.096,0.255,../cleaned/09/09-2BikeScooter0A_20251031_122908_6.csv,30,Female,0.500,0.000,0.000,0.000,4.750,2.000,1.500,0.500,1,young
17,9,0.000,Bike,2,A,0.997,16.935,1.387,-0.602,0.266,0.174,0.274,../cleaned/09/09-2BikeScooter0A_20251104_165312_17.csv,25,Male,1.250,1.000,0.000,0.250,3.250,6.500,5.000,3.000,1,young
23,9,0.000,Bike,2,A,1.019,24.546,1.172,-0.173,0.146,0.067,0.282,../cleaned/09/09-2BikeScooter0A_20251110_160924_23.csv,27,Male,3.500,0.750,0.000,0.000,3.250,4.000,4.000,3.000,1,young
14,9,0.000,Bike,2,A,0.925,23.137,0.944,-0.071,0.119,0.053,0.256,../cleaned/09/09-2BikeScooter0A_20251106_162452_14.csv,20,Female,2.250,1.250,1.250,0.000,4.000,2.500,2.500,2.000,0,young
32,9,0.000,Bike,2,A,0.829,17.854,1.051,-0.484,0.169,0.109,0.236,../cleaned/09/09-2BikeScooter0A_20251110_084852_32.csv,20,Female,4.000,2.500,3.000,0.500,2.250,7.500,7.000,12.000,1,young
3,9,0.000,Bike,2,A,1.135,11.267,1.298,-0.374,0.294,0.162,0.349,../cleaned/09/09-2BikeScooter0A_20251030_141805_3.csv,23,Male,2.500,0.750,0.500,0.500,3.750,2.000,3.000,2.500,1,young
7,9,0.000,Bike,2,A,1.088,25.028,1.105,-0.191,0.243,0.111,0.305,../cleaned/09/09-2BikeScooter0A_20251107_141613_7.csv,21,Male,3.250,1.500,0.750,0.250,3.000,4.000,3.500,8.500,1,young
1,9,0.000,Bike,2,A,0.824,23.932,1.055,-0.134,0.148,0.062,0.232,../cleaned/09/09-2BikeScooter0A_20251029_185427_1.csv,30,Male,2.750,0.750,0.250,0.750,3.250,3.500,4.000,7.000,0,young
24,9,0.000,Bike,2,A,0.867,22.609,0.851,-0.276,0.174,0.081,0.234,../cleaned/09/09-2BikeScooter0A_20251112_134400_24.csv,32,Male,0.250,0.250,0.000,0.000,3.500,2.000,3.000,0.000,0,young
28,9,0.000,Bike,2,A,0.992,25.683,1.052,-0.084,0.085,0.047,0.278,../cleaned/09/09-2BikeScooter0A_20251105_090116_28.csv,25,Male,4.250,2.000,0.000,2.250,0.750,1.500,1.500,0.500,1,young
22,9,0.000,Bike,2,A,0.884,18.724,0.832,-0.391,0.158,0.090,0.269,../cleaned/09/09-2BikeScooter0A_20251104_145348_22.csv,29,Female,3.000,2.000,2.000,0.500,2.750,8.000,7.000,22.000,1,young
5,9,0.000,Bike,2,A,1.371,23.032,0.944,-0.589,0.230,0.140,0.398,../cleaned/09/09-2BikeScooter0A_20251031_105158_5.csv,53,Female,1.000,0.750,1.500,0.000,2.500,5.500,5.500,2.500,0,adult
8,9,0.000,Bike,2,A,0.831,25.788,0.952,-0.565,0.186,0.134,0.244,../cleaned/09/09-2BikeScooter0A_20251104_154933_8.csv,24,Male,2.750,1.250,1.750,0.000,2.250,7.500,6.000,4.000,0,young
11,9,0.000,Bike,2,A,1.055,20.805,1.143,-0.089,0.164,0.066,0.308,../cleaned/09/09-2BikeScooter0A_20251106_084511_11.csv,62,Female,0.500,0.750,0.500,0.500,2.500,3.000,3.000,4.000,1,adult
9,9,0.000,Bike,2,A,1.090,20.216,1.100,-0.425,0.210,0.117,0.316,../cleaned/09/09-2BikeScooter0A_20251104_084857_9.csv,41,Male,3.250,0.750,0.250,0.250,2.750,2.500,3.500,2.000,1,adult
22,9,0.000,Bike,2,A,0.979,18.655,0.946,-0.404,0.178,0.096,0.292,../cleaned/09/09-2BikeScooter0A_20251104_142845_22.csv,29,Female,3.000,2.000,2.000,0.500,2.750,8.000,7.000,22.000,1,young
5,9,0.000,Bike,2,A,1.202,22.369,0.800,-0.585,0.157,0.126,0.381,../cleaned/09/09-2BikeScooter0A_20251031_115109_5.csv,53,Female,1.000,0.750,1.500,0.000,2.500,5.500,5.500,2.500,0,adult
13,9,0.000,Bike,2,A,0.897,25.789,1.146,-0.445,0.219,0.120,0.235,../cleaned/09/09-2BikeScooter0A_20251106_142027_13.csv,51,Female,2.750,1.250,0.750,0.500,4.750,1.500,1.500,12.500,0,adult
18,9,0.000,Bike,2,A,1.164,18.373,1.312,-0.146,0.205,0.078,0.315,../cleaned/09/09-2BikeScooter0A_20251107_120843_18.csv,37,Female,1.500,0.000,0.000,0.000,3.750,3.000,4.500,5.000,1,adult
29,9,0.000,Bike,2,A,0.923,7.091,0.996,-0.312,0.408,0.172,0.289,../cleaned/09/09-2BikeScooter0A_20251111_162804_29.csv,35,Female,1.750,0.500,0.000,0.250,4.000,2.000,3.000,1.500,1,adult
14,9,0.000,Bike,2,A,1.127,22.252,0.936,-0.058,0.146,0.064,0.309,../cleaned/09/09-2BikeScooter0A_20251106_163451_14.csv,20,Female,2.250,1.250,1.250,0.000,4.000,2.500,2.500,2.000,0,young
4,9,0.000,Bike,2,A,0.959,12.377,0.900,-0.362,0.334,0.115,0.264,../cleaned/09/09-2BikeScooter0A_20251030_165011_4.csv,47,Male,1.750,2.000,1.000,1.000,2.750,2.000,2.000,1.000,1,adult
23,9,0.000,Bike,2,A,0.998,22.311,1.080,-0.029,0.086,0.033,0.274,../cleaned/09/09-2BikeScooter0A_20251110_162904_23.csv,27,Male,3.500,0.750,0.000,0.000,3.250,4.000,4.000,3.000,1,young
18,9,0.000,Bike,2,A,1.111,16.072,1.276,-0.509,0.346,0.154,0.288,../cleaned/09/09-2BikeScooter0A_20251107_122307_18.csv,37,Female,1.500,0.000,0.000,0.000,3.750,3.000,4.500,5.000,1,adult
21,9,0.000,Bike,2,A,1.111,22.940,0.991,-0.237,0.200,0.115,0.313,../cleaned/09/09-2BikeScooter0A_20251110_110337_21.csv,40,Female,1.333,0.750,0.000,0.000,3.000,4.000,5.000,4.500,0,adult
7,9,0.000,Bike,2,A,1.082,24.513,1.043,-0.253,0.265,0.138,0.301,../cleaned/09/09-2BikeScooter0A_20251107_144138_7.csv,21,Male,3.250,1.500,0.750,0.250,3.000,4.000,3.500,8.500,1,young
29,9,0.000,Bike,2,A,0.852,19.897,1.020,-0.293,0.314,0.168,0.274,../cleaned/09/09-2BikeScooter0A_20251111_164851_29.csv,35,Female,1.750,0.500,0.000,0.250,4.000,2.000,3.000,1.500,1,adult
25,9,0.000,Bike,2,A,0.985,23.104,1.225,-0.225,0.107,0.069,0.260,../cleaned/09/09-2BikeScooter0A_20251112_112909_25.csv,39,Male,1.000,0.750,0.000,0.750,4.000,5.500,6.500,11.000,1,adult
11,9,0.000,Bike,2,A,1.142,15.142,0.872,-0.218,0.176,0.076,0.311,../cleaned/09/09-2BikeScooter0A_20251106_082926_11.csv,62,Female,0.500,0.750,0.500,0.500,2.500,3.000,3.000,4.000,1,adult
10,9,0.000,Bike,2,A,0.784,20.172,0.929,-0.084,0.079,0.043,0.222,../cleaned/09/09-2BikeScooter0A_20251104_122934_10.csv,26,Male,1.500,0.750,0.000,0.250,2.250,2.000,3.000,1.500,0,young
31,9,0.000,Bike,2,A,0.896,21.734,0.773,-0.268,0.146,0.089,0.281,../cleaned/09/09-2BikeScooter0A_20251111_094135_31.csv,34,Female,1.000,0.250,0.000,0.000,2.250,4.000,3.500,3.500,0,young
8,9,0.000,Bike,2,A,0.890,25.820,0.902,-0.418,0.218,0.144,0.271,../cleaned/09/09-2BikeScooter0A_20251104_152634_8.csv,24,Male,2.750,1.250,1.750,0.000,2.250,7.500,6.000,4.000,0,young
12,9,0.000,Bike,2,A,1.113,20.119,1.260,-0.369,0.251,0.156,0.299,../cleaned/09/09-2BikeScooter0A_20251105_162349_12.csv,60,Female,3.500,1.000,0.000,0.750,2.750,3.500,4.000,4.500,0,adult
2,9,0.000,Bike,2,A,0.962,20.939,0.901,-0.207,0.222,0.124,0.308,../cleaned/09/09-2BikeScooter0A_20251030_125041_2.csv,55,Male,2.000,0.750,0.250,0.000,4.000,1.000,1.000,0.000,0,adult
32,9,0.000,Bike,2,A,0.750,20.262,1.245,-0.151,0.213,0.122,0.199,../cleaned/09/09-2BikeScooter0A_20251110_091144_32.csv,20,Female,4.000,2.500,3.000,0.500,2.250,7.500,7.000,12.000,1,young
20,9,0.000,Bike,2,A,1.122,20.483,0.797,-0.336,0.178,0.085,0.335,../cleaned/09/09-2BikeScooter0A_20251106_121246_20.csv,39,Male,3.000,0.750,0.000,1.250,3.500,3.500,3.500,4.500,0,adult
26,9,0.000,Bike,2,A,0.948,17.315,0.727,-0.226,0.212,0.093,0.281,../cleaned/09/09-2BikeScooter0A_20251111_134446_26.csv,32,Female,2.500,0.750,0.250,0.500,3.500,4.500,4.500,5.500,1,young
25,9,0.000,Bike,2,A,1.078,10.040,1.219,-0.589,0.244,0.172,0.297,../cleaned/09/09-2BikeScooter0A_20251112_111140_25.csv,39,Male,1.000,0.750,0.000,0.750,4.000,5.500,6.500,11.000,1,adult
1,9,0.000,Bike,2,A,1.095,25.742,1.127,-0.397,0.212,0.117,0.306,../cleaned/09/09-2BikeScooter0A_20251029_180707_1.csv,30,Male,2.750,0.750,0.250,0.750,3.250,3.500,4.000,7.000,0,young
10,9,0.000,Bike,2,A,0.870,20.446,0.728,-0.273,0.225,0.098,0.256,../cleaned/09/09-2BikeScooter0A_20251104_125048_10.csv,26,Male,1.500,0.750,0.000,0.250,2.250,2.000,3.000,1.500,0,young
13,9,0.000,Bike,2,A,0.858,22.988,1.299,-0.314,0.280,0.181,0.239,../cleaned/09/09-2BikeScooter0A_20251106_144009_13.csv,51,Female,2.750,1.250,0.750,0.500,4.750,1.500,1.500,12.500,0,adult
9,9,0.000,Bike,2,A,1.136,8.378,0.968,-0.401,0.253,0.163,0.334,../cleaned/09/09-2BikeScooter0A_20251104_083333_9.csv,41,Male,3.250,0.750,0.250,0.250,2.750,2.500,3.500,2.000,1,adult
12,9,0.000,Bike,2,A,1.351,20.773,1.118,-0.696,0.253,0.173,0.404,../cleaned/09/09-2BikeScooter0A_20251105_164046_12.csv,60,Female,3.500,1.000,0.000,0.750,2.750,3.500,4.000,4.500,0,adult
6,9,0.000,Bike,2,A,0.970,17.629,1.152,-0.252,0.152,0.090,0.263,../cleaned/09/09-2BikeScooter0A_20251031_123728_6.csv,30,Female,0.500,0.000,0.000,0.000,4.750,2.000,1.500,0.500,1,young
22,10,0.000,Bike,2,B,1.108,20.732,0.777,-0.589,0.194,0.113,0.363,../cleaned/10/10-2BikeScooter0B_20251104_145450_22.csv,29,Female,3.000,2.000,2.000,0.500,2.750,6.500,5.000,22.500,1,young
24,10,0.000,Bike,2,B,0.866,23.072,0.903,-0.196,0.223,0.107,0.267,../cleaned/10/10-2BikeScooter0B_20251112_134744_24.csv,32,Male,0.250,0.250,0.000,0.000,3.500,3.000,4.000,0.000,0,young
12,10,0.000,Bike,2,B,1.291,21.567,1.295,-0.294,0.184,0.125,0.333,../cleaned/10/10-2BikeScooter0B_20251105_164550_12.csv,60,Female,3.500,1.000,0.000,0.750,2.750,5.000,5.500,5.000,0,adult
7,10,0.000,Bike,2,B,0.973,23.387,1.134,-0.089,0.050,0.038,0.264,../cleaned/10/10-2BikeScooter0B_20251107_142252_7.csv,21,Male,3.250,1.500,0.750,0.250,3.000,6.000,6.500,15.500,1,young
16,10,0.000,Bike,2,B,1.025,24.286,1.267,-0.185,0.199,0.100,0.299,../cleaned/10/10-2BikeScooter0B_20251107_162524_16.csv,36,Male,2.500,0.500,0.250,0.000,2.500,1.500,1.000,0.000,1,adult
18,10,0.000,Bike,2,B,0.995,17.503,1.101,-0.107,0.218,0.075,0.293,../cleaned/10/10-2BikeScooter0B_20251107_122127_18.csv,37,Female,1.500,0.000,0.000,0.000,3.750,3.500,4.500,5.500,1,adult
32,10,0.000,Bike,2,B,0.819,12.777,1.099,-0.178,0.179,0.087,0.236,../cleaned/10/10-2BikeScooter0B_20251110_090209_32.csv,20,Female,4.000,2.500,3.000,0.500,2.250,7.500,7.000,13.000,1,young
23,10,0.000,Bike,2,B,1.069,22.390,1.117,-0.061,0.145,0.056,0.302,../cleaned/10/10-2BikeScooter0B_20251110_163221_23.csv,27,Male,3.500,0.750,0.000,0.000,3.250,4.500,4.000,3.000,1,young
20,10,0.000,Bike,2,B,1.180,22.807,0.923,-0.326,0.197,0.145,0.341,../cleaned/10/10-2BikeScooter0B_20251106_122004_20.csv,39,Male,3.000,0.750,0.000,1.250,3.500,4.000,4.500,6.000,0,adult
11,10,0.000,Bike,2,B,1.115,20.755,1.061,-0.117,0.269,0.078,0.336,../cleaned/10/10-2BikeScooter0B_20251106_083620_11.csv,62,Female,0.500,0.750,0.500,0.500,2.500,3.500,3.500,4.000,1,adult
4,10,0.000,Bike,2,B,0.888,11.469,1.056,-0.416,0.167,0.096,0.267,../cleaned/10/10-2BikeScooter0B_20251030_163436_4.csv,47,Male,1.750,2.000,1.000,1.000,2.750,3.000,3.000,2.000,1,adult
1,10,0.000,Bike,2,B,0.984,25.839,0.883,-0.302,0.336,0.130,0.301,../cleaned/10/10-2BikeScooter0B_20251029_181142_1.csv,30,Male,2.750,0.750,0.250,0.750,3.250,4.500,5.000,8.500,0,young
13,10,0.000,Bike,2,B,0.951,25.734,1.404,-0.424,0.235,0.156,0.246,../cleaned/10/10-2BikeScooter0B_20251106_143915_13.csv,51,Female,2.750,1.250,0.750,0.500,4.750,1.500,1.500,13.500,0,adult
17,10,0.000,Bike,2,B,0.570,21.055,1.539,-0.093,0.038,0.030,0.168,../cleaned/10/10-2BikeScooter0B_20251104_161558_17.csv,25,Male,1.250,1.000,0.000,0.250,3.250,7.000,6.000,4.500,1,young
14,10,0.000,Bike,2,B,1.042,17.646,0.645,-0.341,0.207,0.114,0.328,../cleaned/10/10-2BikeScooter0B_20251106_160908_14.csv,20,Female,2.250,1.250,1.250,0.000,4.000,3.500,3.000,2.000,0,young
9,10,0.000,Bike,2,B,1.166,20.159,1.093,-0.384,0.219,0.154,0.331,../cleaned/10/10-2BikeScooter0B_20251104_084306_9.csv,41,Male,3.250,0.750,0.250,0.250,2.750,3.000,3.500,2.500,1,adult
14,10,0.000,Bike,2,B,1.050,22.702,0.812,-0.204,0.242,0.112,0.331,../cleaned/10/10-2BikeScooter0B_20251106_163552_14.csv,20,Female,2.250,1.250,1.250,0.000,4.000,3.500,3.000,2.000,0,young
10,10,0.000,Bike,2,B,0.923,21.036,0.907,-0.159,0.158,0.076,0.278,../cleaned/10/10-2BikeScooter0B_20251104_130055_10.csv,26,Male,1.500,0.750,0.000,0.250,2.250,1.500,1.000,0.000,0,young
8,10,0.000,Bike,2,B,0.917,25.175,1.133,-0.324,0.230,0.103,0.240,../cleaned/10/10-2BikeScooter0B_20251104_155330_8.csv,24,Male,2.750,1.250,1.750,0.000,2.250,6.000,6.500,3.500,0,young
11,10,0.000,Bike,2,B,0.955,20.543,1.071,-0.179,0.219,0.069,0.263,../cleaned/10/10-2BikeScooter0B_20251106_085207_11.csv,62,Female,0.500,0.750,0.500,0.500,2.500,3.500,3.500,4.000,1,adult
31,10,0.000,Bike,2,B,0.847,15.867,0.691,-0.230,0.279,0.102,0.276,../cleaned/10/10-2BikeScooter0B_20251111_093622_31.csv,34,Female,1.000,0.250,0.000,0.000,2.250,4.500,4.000,4.000,0,young
8,10,0.000,Bike,2,B,0.954,25.812,0.987,-0.375,0.161,0.127,0.273,../cleaned/10/10-2BikeScooter0B_20251104_154329_8.csv,24,Male,2.750,1.250,1.750,0.000,2.250,6.000,6.500,3.500,0,young
26,10,0.000,Bike,2,B,0.932,16.797,0.726,-0.238,0.121,0.085,0.279,../cleaned/10/10-2BikeScooter0B_20251111_135052_26.csv,32,Female,2.500,0.750,0.250,0.500,3.500,5.000,6.500,8.000,1,young
30,10,0.000,Bike,2,B,1.056,20.767,1.000,-0.131,0.155,0.077,0.318,../cleaned/10/10-2BikeScooter0B_20251111_113312_30.csv,49,Female,0.250,0.250,0.000,0.000,3.000,2.000,2.000,1.000,1,adult
32,10,0.000,Bike,2,B,0.790,16.132,1.134,-0.152,0.217,0.089,0.221,../cleaned/10/10-2BikeScooter0B_20251110_084327_32.csv,20,Female,4.000,2.500,3.000,0.500,2.250,7.500,7.000,13.000,1,young
23,10,0.000,Bike,2,B,1.047,25.502,1.054,-0.193,0.052,0.072,0.278,../cleaned/10/10-2BikeScooter0B_20251110_161406_23.csv,27,Male,3.500,0.750,0.000,0.000,3.250,4.500,4.000,3.000,1,young
2,10,0.000,Bike,2,B,0.887,14.042,0.723,-0.554,0.398,0.111,0.325,../cleaned/10/10-2BikeScooter0B_20251030_121123_2.csv,55,Male,2.000,0.750,0.250,0.000,4.000,2.000,2.000,1.000,0,adult
31,10,0.000,Bike,2,B,0.837,16.882,0.665,-0.166,0.121,0.080,0.273,../cleaned/10/10-2BikeScooter0B_20251111_091707_31.csv,34,Female,1.000,0.250,0.000,0.000,2.250,4.500,4.000,4.000,0,young
28,10,0.000,Bike,2,B,1.038,25.280,0.991,-0.303,0.257,0.148,0.295,../cleaned/10/10-2BikeScooter0B_20251105_084421_28.csv,25,Male,4.250,2.000,0.000,2.250,0.750,3.000,2.000,1.500,1,young
1,10,0.000,Bike,2,B,0.934,23.723,1.102,-0.227,0.255,0.116,0.265,../cleaned/10/10-2BikeScooter0B_20251029_185649_1.csv,30,Male,2.750,0.750,0.250,0.750,3.250,4.500,5.000,8.500,0,young
9,10,0.000,Bike,2,B,1.041,24.037,1.108,-0.328,0.129,0.092,0.299,../cleaned/10/10-2BikeScooter0B_20251104_085518_9.csv,41,Male,3.250,0.750,0.250,0.250,2.750,3.000,3.500,2.500,1,adult
25,10,0.000,Bike,2,B,0.953,23.079,1.282,-0.267,0.147,0.121,0.286,../cleaned/10/10-2BikeScooter0B_20251112_112126_25.csv,39,Male,1.000,0.750,0.000,0.750,4.000,7.000,6.500,9.500,1,adult
28,10,0.000,Bike,2,B,0.966,24.560,0.999,-0.237,0.280,0.099,0.268,../cleaned/10/10-2BikeScooter0B_20251105_090304_28.csv,25,Male,4.250,2.000,0.000,2.250,0.750,3.000,2.000,1.500,1,young
30,10,0.000,Bike,2,B,1.071,12.775,1.075,-0.283,0.257,0.094,0.303,../cleaned/10/10-2BikeScooter0B_20251111_111739_30.csv,49,Female,0.250,0.250,0.000,0.000,3.000,2.000,2.000,1.000,1,adult
18,10,0.000,Bike,2,B,0.954,22.081,1.220,-0.216,0.301,0.124,0.257,../cleaned/10/10-2BikeScooter0B_20251107_120522_18.csv,37,Female,1.500,0.000,0.000,0.000,3.750,3.500,4.500,5.500,1,adult
4,10,0.000,Bike,2,B,0.912,11.653,0.931,-0.432,0.155,0.100,0.249,../cleaned/10/10-2BikeScooter0B_20251030_162724_4.csv,47,Male,1.750,2.000,1.000,1.000,2.750,3.000,3.000,2.000,1,adult
21,10,0.000,Bike,2,B,1.168,23.451,1.141,-0.077,0.158,0.082,0.344,../cleaned/10/10-2BikeScooter0B_20251110_105100_21.csv,40,Female,1.333,0.750,0.000,0.000,3.000,5.000,4.500,4.000,0,adult
10,10,0.000,Bike,2,B,0.889,20.527,0.923,-0.116,0.172,0.055,0.268,../cleaned/10/10-2BikeScooter0B_20251104_123847_10.csv,26,Male,1.500,0.750,0.000,0.250,2.250,1.500,1.000,0.000,0,young
13,10,0.000,Bike,2,B,0.870,22.875,1.502,-0.193,0.250,0.106,0.236,../cleaned/10/10-2BikeScooter0B_20251106_142601_13.csv,51,Female,2.750,1.250,0.750,0.500,4.750,1.500,1.500,13.500,0,adult
27,10,0.000,Bike,2,B,0.880,23.628,0.921,-0.286,0.117,0.084,0.251,../cleaned/10/10-2BikeScooter0B_20251110_140842_27.csv,34,Male,1.250,0.250,0.000,0.000,4.000,5.500,6.000,2.000,1,young
26,10,0.000,Bike,2,B,0.860,17.575,0.823,-0.298,0.195,0.094,0.268,../cleaned/10/10-2BikeScooter0B_20251111_141739_26.csv,32,Female,2.500,0.750,0.250,0.500,3.500,5.000,6.500,8.000,1,young
22,10,0.000,Bike,2,B,1.129,23.241,0.669,-0.259,0.176,0.083,0.342,../cleaned/10/10-2BikeScooter0B_20251104_142502_22.csv,29,Female,3.000,2.000,2.000,0.500,2.750,6.500,5.000,22.500,1,young
27,10,0.000,Bike,2,B,0.799,9.164,1.079,-0.443,0.164,0.096,0.241,../cleaned/10/10-2BikeScooter0B_20251110_143900_27.csv,34,Male,1.250,0.250,0.000,0.000,4.000,5.500,6.000,2.000,1,young
21,10,0.000,Bike,2,B,0.871,22.312,0.883,-0.160,0.122,0.074,0.254,../cleaned/10/10-2BikeScooter0B_20251110_111057_21.csv,40,Female,1.333,0.750,0.000,0.000,3.000,5.000,4.500,4.000,0,adult
7,10,0.000,Bike,2,B,0.977,22.835,1.137,-0.241,0.183,0.110,0.256,../cleaned/10/10-2BikeScooter0B_20251107_143958_7.csv,21,Male,3.250,1.500,0.750,0.250,3.000,6.000,6.500,15.500,1,young
16,10,0.000,Bike,2,B,1.041,24.821,1.278,-0.138,0.130,0.074,0.276,../cleaned/10/10-2BikeScooter0B_20251107_163751_16.csv,36,Male,2.500,0.500,0.250,0.000,2.500,1.500,1.000,0.000,1,adult
29,10,0.000,Bike,2,B,0.842,8.101,1.073,-0.290,0.306,0.110,0.265,../cleaned/10/10-2BikeScooter0B_20251111_164222_29.csv,35,Female,1.750,0.500,0.000,0.250,4.000,2.000,2.500,1.500,1,adult
5,10,0.000,Bike,2,B,1.113,21.654,0.826,-0.459,0.178,0.109,0.343,../cleaned/10/10-2BikeScooter0B_20251031_114740_5.csv,53,Female,1.000,0.750,1.500,0.000,2.500,2.500,2.500,1.500,0,adult
3,10,0.000,Bike,2,B,1.038,20.047,1.055,-0.510,0.225,0.173,0.289,../cleaned/10/10-2BikeScooter0B_20251030_145047_3.csv,23,Male,2.500,0.750,0.500,0.500,3.750,3.000,3.000,4.000,1,young
17,10,0.000,Bike,2,B,1.023,21.263,1.484,-0.466,0.113,0.126,0.265,../cleaned/10/10-2BikeScooter0B_20251104_163634_17.csv,25,Male,1.250,1.000,0.000,0.250,3.250,7.000,6.000,4.500,1,young
25,10,0.000,Bike,2,B,1.082,23.283,1.220,-0.305,0.116,0.101,0.305,../cleaned/10/10-2BikeScooter0B_20251112_115147_25.csv,39,Male,1.000,0.750,0.000,0.750,4.000,7.000,6.500,9.500,1,adult
12,10,0.000,Bike,2,B,1.132,17.017,1.148,-0.457,0.209,0.124,0.320,../cleaned/10/10-2BikeScooter0B_20251105_162654_12.csv,60,Female,3.500,1.000,0.000,0.750,2.750,5.000,5.500,5.000,0,adult
5,10,0.000,Bike,2,B,0.873,21.270,0.713,-0.255,0.169,0.098,0.296,../cleaned/10/10-2BikeScooter0B_20251031_110435_5.csv,53,Female,1.000,0.750,1.500,0.000,2.500,2.500,2.500,1.500,0,adult
6,10,0.000,Bike,2,B,0.908,16.866,1.112,-0.114,0.226,0.100,0.245,../cleaned/10/10-2BikeScooter0B_20251031_123510_6.csv,30,Female,0.500,0.000,0.000,0.000,4.750,1.500,1.500,0.500,1,young
29,10,0.000,Bike,2,B,1.019,15.340,0.940,-0.441,0.246,0.098,0.282,../cleaned/10/10-2BikeScooter0B_20251111_162009_29.csv,35,Female,1.750,0.500,0.000,0.250,4.000,2.000,2.500,1.500,1,adult
20,10,0.000,Bike,2,B,1.038,15.327,1.028,-0.246,0.149,0.106,0.295,../cleaned/10/10-2BikeScooter0B_20251106_124257_20.csv,39,Male,3.000,0.750,0.000,1.250,3.500,4.000,4.500,6.000,0,adult
6,10,0.000,Bike,2,B,0.951,21.135,1.187,-0.093,0.245,0.074,0.279,../cleaned/10/10-2BikeScooter0B_20251031_122224_6.csv,30,Female,0.500,0.000,0.000,0.000,4.750,1.500,1.500,0.500,1,young
25,11,0.600,Bike,2,A,1.016,23.393,1.136,-0.115,0.138,0.066,0.281,../cleaned/11/11-2BikeScooter6A_20251112_111719_25.csv,39,Male,1.000,0.750,0.000,0.750,4.000,4.500,3.500,5.000,1,adult
16,11,0.600,Bike,2,A,1.070,24.204,1.114,-0.220,0.396,0.149,0.291,../cleaned/11/11-2BikeScooter6A_20251107_164100_16.csv,36,Male,2.500,0.500,0.250,0.000,2.500,1.500,1.000,0.000,1,adult
26,11,0.600,Bike,2,A,1.217,22.350,0.659,-0.130,0.099,0.086,0.390,../cleaned/11/11-2BikeScooter6A_20251111_134337_26.csv,32,Female,2.500,0.750,0.250,0.500,3.500,3.500,4.000,4.500,1,young
18,11,0.600,Bike,2,A,1.255,22.571,1.316,-0.455,0.132,0.111,0.301,../cleaned/11/11-2BikeScooter6A_20251107_121257_18.csv,37,Female,1.500,0.000,0.000,0.000,3.750,2.500,4.000,4.000,1,adult
16,11,0.600,Bike,2,A,1.322,23.566,1.205,-0.137,0.092,0.079,0.338,../cleaned/11/11-2BikeScooter6A_20251107_163319_16.csv,36,Male,2.500,0.500,0.250,0.000,2.500,1.500,1.000,0.000,1,adult
17,11,0.600,Bike,2,A,0.919,20.413,1.335,-0.108,0.132,0.049,0.237,../cleaned/11/11-2BikeScooter6A_20251104_162024_17.csv,25,Male,1.250,1.000,0.000,0.250,3.250,5.500,3.500,3.000,1,young
21,11,0.600,Bike,2,A,1.201,12.946,0.952,-0.229,0.118,0.079,0.336,../cleaned/11/11-2BikeScooter6A_20251110_105842_21.csv,40,Female,1.333,0.750,0.000,0.000,3.000,3.500,4.000,3.000,0,adult
13,11,0.600,Bike,2,A,1.106,22.810,1.055,-0.142,0.198,0.064,0.302,../cleaned/11/11-2BikeScooter6A_20251106_143512_13.csv,51,Female,2.750,1.250,0.750,0.500,4.750,2.000,2.500,17.500,0,adult
4,11,0.600,Bike,2,A,0.942,14.886,1.263,-0.193,0.068,0.045,0.240,../cleaned/11/11-2BikeScooter6A_20251030_165110_4.csv,47,Male,1.750,2.000,1.000,1.000,2.750,2.000,2.000,1.000,1,adult
12,11,0.600,Bike,2,A,1.319,17.359,1.172,-0.276,0.140,0.096,0.359,../cleaned/11/11-2BikeScooter6A_20251105_161641_12.csv,60,Female,3.500,1.000,0.000,0.750,2.750,4.000,4.000,4.500,0,adult
11,11,0.600,Bike,2,A,1.150,19.813,1.032,-0.326,0.197,0.093,0.328,../cleaned/11/11-2BikeScooter6A_20251106_082826_11.csv,62,Female,0.500,0.750,0.500,0.500,2.500,3.000,3.500,4.000,1,adult
14,11,0.600,Bike,2,A,1.285,22.614,0.888,-0.281,0.161,0.095,0.372,../cleaned/11/11-2BikeScooter6A_20251106_161442_14.csv,20,Female,2.250,1.250,1.250,0.000,4.000,3.000,4.000,2.000,0,young
17,11,0.600,Bike,2,A,1.006,16.589,1.349,-0.251,0.193,0.090,0.278,../cleaned/11/11-2BikeScooter6A_20251104_165446_17.csv,25,Male,1.250,1.000,0.000,0.250,3.250,5.500,3.500,3.000,1,young
32,11,0.600,Bike,2,A,1.065,17.185,1.136,-0.250,0.094,0.074,0.285,../cleaned/11/11-2BikeScooter6A_20251110_085200_32.csv,20,Female,4.000,2.500,3.000,0.500,2.250,6.000,7.000,9.000,1,young
12,11,0.600,Bike,2,A,1.280,20.192,1.172,-0.250,0.090,0.062,0.343,../cleaned/11/11-2BikeScooter6A_20251105_163040_12.csv,60,Female,3.500,1.000,0.000,0.750,2.750,4.000,4.000,4.500,0,adult
25,11,0.600,Bike,2,A,1.309,25.232,0.870,-0.204,0.294,0.091,0.365,../cleaned/11/11-2BikeScooter6A_20251112_113759_25.csv,39,Male,1.000,0.750,0.000,0.750,4.000,4.500,3.500,5.000,1,adult
10,11,0.600,Bike,2,A,0.900,13.565,0.913,-0.235,0.200,0.073,0.265,../cleaned/11/11-2BikeScooter6A_20251104_124943_10.csv,26,Male,1.500,0.750,0.000,0.250,2.250,2.500,2.500,1.000,0,young
32,11,0.600,Bike,2,A,1.054,20.827,1.308,-0.195,0.173,0.110,0.299,../cleaned/11/11-2BikeScooter6A_20251110_091236_32.csv,20,Female,4.000,2.500,3.000,0.500,2.250,6.000,7.000,9.000,1,young
18,11,0.600,Bike,2,A,1.289,24.167,1.272,-0.253,0.081,0.079,0.335,../cleaned/11/11-2BikeScooter6A_20251107_122440_18.csv,37,Female,1.500,0.000,0.000,0.000,3.750,2.500,4.000,4.000,1,adult
26,11,0.600,Bike,2,A,1.049,16.892,0.792,-0.159,0.115,0.068,0.300,../cleaned/11/11-2BikeScooter6A_20251111_140328_26.csv,32,Female,2.500,0.750,0.250,0.500,3.500,3.500,4.000,4.500,1,young
30,11,0.600,Bike,2,A,1.124,15.041,1.150,-0.241,0.180,0.093,0.309,../cleaned/11/11-2BikeScooter6A_20251111_112651_30.csv,49,Female,0.250,0.250,0.000,0.000,3.000,1.000,1.000,0.000,1,adult
6,11,0.600,Bike,2,A,1.283,23.370,1.211,-0.367,0.239,0.115,0.374,../cleaned/11/11-2BikeScooter6A_20251031_124044_6.csv,30,Female,0.500,0.000,0.000,0.000,4.750,1.000,1.500,0.500,1,young
1,11,0.600,Bike,2,A,1.142,23.180,1.022,-0.143,0.118,0.067,0.311,../cleaned/11/11-2BikeScooter6A_20251029_185042_1.csv,30,Male,2.750,0.750,0.250,0.750,3.250,3.500,4.500,8.000,0,young
20,11,0.600,Bike,2,A,1.243,20.295,1.057,-0.281,0.180,0.091,0.319,../cleaned/11/11-2BikeScooter6A_20251106_124654_20.csv,39,Male,3.000,0.750,0.000,1.250,3.500,3.500,3.500,3.500,0,adult
31,11,0.600,Bike,2,A,1.040,22.079,0.693,-0.110,0.106,0.037,0.325,../cleaned/11/11-2BikeScooter6A_20251111_092715_31.csv,34,Female,1.000,0.250,0.000,0.000,2.250,3.500,3.500,2.000,0,young
7,11,0.600,Bike,2,A,1.289,16.907,0.995,-0.246,0.121,0.095,0.342,../cleaned/11/11-2BikeScooter6A_20251107_144942_7.csv,21,Male,3.250,1.500,0.750,0.250,3.000,4.500,5.000,13.000,1,young
27,11,0.600,Bike,2,A,1.012,23.896,1.054,-0.116,0.095,0.051,0.285,../cleaned/11/11-2BikeScooter6A_20251110_141517_27.csv,34,Male,1.250,0.250,0.000,0.000,4.000,3.000,3.000,0.500,1,young
29,11,0.600,Bike,2,A,1.043,17.189,1.222,-0.283,0.274,0.144,0.285,../cleaned/11/11-2BikeScooter6A_20251111_165739_29.csv,35,Female,1.750,0.500,0.000,0.250,4.000,2.000,2.500,1.500,1,adult
5,11,0.600,Bike,2,A,1.377,24.302,0.917,-0.300,0.183,0.082,0.410,../cleaned/11/11-2BikeScooter6A_20251031_115211_5.csv,53,Female,1.000,0.750,1.500,0.000,2.500,3.000,3.000,1.500,0,adult
8,11,0.600,Bike,2,A,1.204,25.808,1.150,-0.185,0.112,0.071,0.338,../cleaned/11/11-2BikeScooter6A_20251104_152825_8.csv,24,Male,2.750,1.250,1.750,0.000,2.250,4.500,4.000,2.000,0,young
20,11,0.600,Bike,2,A,1.135,22.336,0.871,-0.161,0.196,0.095,0.314,../cleaned/11/11-2BikeScooter6A_20251106_122939_20.csv,39,Male,3.000,0.750,0.000,1.250,3.500,3.500,3.500,3.500,0,adult
6,11,0.600,Bike,2,A,1.053,22.647,1.088,-0.181,0.100,0.068,0.288,../cleaned/11/11-2BikeScooter6A_20251031_122949_6.csv,30,Female,0.500,0.000,0.000,0.000,4.750,1.000,1.500,0.500,1,young
28,11,0.600,Bike,2,A,1.497,24.065,0.862,-0.393,0.245,0.113,0.416,../cleaned/11/11-2BikeScooter6A_20251105_084036_28.csv,25,Male,4.250,2.000,0.000,2.250,0.750,2.000,2.000,1.500,1,young
9,11,0.600,Bike,2,A,1.139,21.200,1.108,-0.095,0.057,0.026,0.310,../cleaned/11/11-2BikeScooter6A_20251104_084631_9.csv,41,Male,3.250,0.750,0.250,0.250,2.750,2.500,3.000,1.500,1,adult
29,11,0.600,Bike,2,A,1.229,10.195,1.175,-0.361,0.191,0.104,0.351,../cleaned/11/11-2BikeScooter6A_20251111_162950_29.csv,35,Female,1.750,0.500,0.000,0.250,4.000,2.000,2.500,1.500,1,adult
7,11,0.600,Bike,2,A,1.145,20.818,1.179,-0.119,0.168,0.066,0.307,../cleaned/11/11-2BikeScooter6A_20251107_142644_7.csv,21,Male,3.250,1.500,0.750,0.250,3.000,4.500,5.000,13.000,1,young
11,11,0.600,Bike,2,A,0.933,20.494,1.075,-0.370,0.202,0.092,0.273,../cleaned/11/11-2BikeScooter6A_20251106_084419_11.csv,62,Female,0.500,0.750,0.500,0.500,2.500,3.000,3.500,4.000,1,adult
5,11,0.600,Bike,2,A,1.404,24.791,0.867,-0.255,0.194,0.098,0.390,../cleaned/11/11-2BikeScooter6A_20251031_110010_5.csv,53,Female,1.000,0.750,1.500,0.000,2.500,3.000,3.000,1.500,0,adult
10,11,0.600,Bike,2,A,0.883,10.017,0.936,-0.140,0.085,0.076,0.267,../cleaned/11/11-2BikeScooter6A_20251104_122622_10.csv,26,Male,1.500,0.750,0.000,0.250,2.250,2.500,2.500,1.000,0,young
23,11,0.600,Bike,2,A,1.067,19.761,0.919,-0.110,0.163,0.057,0.309,../cleaned/11/11-2BikeScooter6A_20251110_163704_23.csv,27,Male,3.500,0.750,0.000,0.000,3.250,3.000,3.000,2.000,1,young
22,11,0.600,Bike,2,A,1.184,18.945,0.724,-0.262,0.119,0.064,0.369,../cleaned/11/11-2BikeScooter6A_20251104_144935_22.csv,29,Female,3.000,2.000,2.000,0.500,2.750,8.000,7.000,13.500,1,young
22,11,0.600,Bike,2,A,1.015,18.381,0.991,-0.167,0.144,0.059,0.302,../cleaned/11/11-2BikeScooter6A_20251104_150839_22.csv,29,Female,3.000,2.000,2.000,0.500,2.750,8.000,7.000,13.500,1,young
8,11,0.600,Bike,2,A,1.182,22.700,1.181,-0.174,0.168,0.083,0.316,../cleaned/11/11-2BikeScooter6A_20251104_155704_8.csv,24,Male,2.750,1.250,1.750,0.000,2.250,4.500,4.000,2.000,0,young
28,11,0.600,Bike,2,A,1.203,24.401,1.037,-0.243,0.283,0.113,0.336,../cleaned/11/11-2BikeScooter6A_20251105_085935_28.csv,25,Male,4.250,2.000,0.000,2.250,0.750,2.000,2.000,1.500,1,young
13,11,0.600,Bike,2,A,1.151,24.927,1.235,-0.230,0.251,0.106,0.300,../cleaned/11/11-2BikeScooter6A_20251106_144454_13.csv,51,Female,2.750,1.250,0.750,0.500,4.750,2.000,2.500,17.500,0,adult
3,11,0.600,Bike,2,A,1.274,13.925,1.397,-0.508,0.225,0.155,0.341,../cleaned/11/11-2BikeScooter6A_20251030_141614_3.csv,23,Male,2.500,0.750,0.500,0.500,3.750,2.000,2.500,2.500,1,young
4,11,0.600,Bike,2,A,0.960,14.049,1.045,-0.213,0.051,0.047,0.276,../cleaned/11/11-2BikeScooter6A_20251030_162223_4.csv,47,Male,1.750,2.000,1.000,1.000,2.750,2.000,2.000,1.000,1,adult
27,11,0.600,Bike,2,A,1.040,12.305,1.079,-0.173,0.140,0.061,0.281,../cleaned/11/11-2BikeScooter6A_20251110_144702_27.csv,34,Male,1.250,0.250,0.000,0.000,4.000,3.000,3.000,0.500,1,young
9,11,0.600,Bike,2,A,1.101,16.381,1.131,-0.078,0.170,0.058,0.305,../cleaned/11/11-2BikeScooter6A_20251104_085906_9.csv,41,Male,3.250,0.750,0.250,0.250,2.750,2.500,3.000,1.500,1,adult
31,11,0.600,Bike,2,A,1.120,22.642,0.973,-0.154,0.130,0.047,0.322,../cleaned/11/11-2BikeScooter6A_20251111_094620_31.csv,34,Female,1.000,0.250,0.000,0.000,2.250,3.500,3.500,2.000,0,young
24,11,0.600,Bike,2,A,1.212,22.676,0.845,-0.133,0.090,0.056,0.341,../cleaned/11/11-2BikeScooter6A_20251112_133945_24.csv,32,Male,0.250,0.250,0.000,0.000,3.500,1.000,3.000,0.000,0,young
3,11,0.600,Bike,2,A,1.219,21.416,1.578,-0.166,0.197,0.104,0.343,../cleaned/11/11-2BikeScooter6A_20251030_143720_3.csv,23,Male,2.500,0.750,0.500,0.500,3.750,2.000,2.500,2.500,1,young
2,11,0.600,Bike,2,A,1.037,13.362,0.907,-0.193,0.134,0.075,0.320,../cleaned/11/11-2BikeScooter6A_20251030_123747_2.csv,55,Male,2.000,0.750,0.250,0.000,4.000,1.000,1.000,0.000,0,adult
23,11,0.600,Bike,2,A,1.198,22.706,1.201,-0.154,0.059,0.061,0.327,../cleaned/11/11-2BikeScooter6A_20251110_161559_23.csv,27,Male,3.500,0.750,0.000,0.000,3.250,3.000,3.000,2.000,1,young
31,12,0.600,Bike,2,B,1.074,22.050,1.052,-0.092,0.069,0.041,0.302,../cleaned/12/12-2BikeScooter6B_20251111_094243_31.csv,34,Female,1.000,0.250,0.000,0.000,2.250,3.500,3.000,3.000,0,young
23,12,0.600,Bike,2,B,1.277,24.808,1.121,-0.179,0.138,0.076,0.366,../cleaned/12/12-2BikeScooter6B_20251110_162500_23.csv,27,Male,3.500,0.750,0.000,0.000,3.250,3.500,4.000,3.000,1,young
11,12,0.600,Bike,2,B,0.892,16.612,1.009,-0.206,0.330,0.112,0.279,../cleaned/12/12-2BikeScooter6B_20251106_085017_11.csv,62,Female,0.500,0.750,0.500,0.500,2.500,3.000,4.000,4.500,1,adult
16,12,0.600,Bike,2,B,1.101,23.932,1.222,-0.121,0.152,0.061,0.295,../cleaned/12/12-2BikeScooter6B_20251107_163014_16.csv,36,Male,2.500,0.500,0.250,0.000,2.500,1.000,1.000,0.000,1,adult
32,12,0.600,Bike,2,B,1.071,17.490,1.289,-0.122,0.153,0.077,0.317,../cleaned/12/12-2BikeScooter6B_20251110_092036_32.csv,20,Female,4.000,2.500,3.000,0.500,2.250,6.000,6.500,10.500,1,young
30,12,0.600,Bike,2,B,1.263,20.997,1.123,-0.276,0.162,0.078,0.341,../cleaned/12/12-2BikeScooter6B_20251111_113045_30.csv,49,Female,0.250,0.250,0.000,0.000,3.000,1.500,1.500,0.500,1,adult
27,12,0.600,Bike,2,B,0.898,10.376,1.269,-0.035,0.045,0.022,0.251,../cleaned/12/12-2BikeScooter6B_20251110_145204_27.csv,34,Male,1.250,0.250,0.000,0.000,4.000,3.000,3.500,1.500,1,young
8,12,0.600,Bike,2,B,1.007,23.624,1.156,-0.146,0.063,0.051,0.292,../cleaned/12/12-2BikeScooter6B_20251104_154751_8.csv,24,Male,2.750,1.250,1.750,0.000,2.250,6.500,6.000,2.500,0,young
17,12,0.600,Bike,2,B,1.099,22.863,1.368,-0.085,0.005,0.025,0.304,../cleaned/12/12-2BikeScooter6B_20251104_160642_17.csv,25,Male,1.250,1.000,0.000,0.250,3.250,3.500,3.000,1.500,1,young
9,12,0.600,Bike,2,B,1.183,20.786,1.193,-0.043,0.045,0.027,0.337,../cleaned/12/12-2BikeScooter6B_20251104_083856_9.csv,41,Male,3.250,0.750,0.250,0.250,2.750,2.000,3.000,2.000,1,adult
18,12,0.600,Bike,2,B,1.138,22.790,1.158,-0.193,0.151,0.086,0.317,../cleaned/12/12-2BikeScooter6B_20251107_120707_18.csv,37,Female,1.500,0.000,0.000,0.000,3.750,3.000,4.000,5.000,1,adult
20,12,0.600,Bike,2,B,1.254,19.858,0.874,-0.331,0.207,0.117,0.358,../cleaned/12/12-2BikeScooter6B_20251106_121653_20.csv,39,Male,3.000,0.750,0.000,1.250,3.500,3.500,3.500,5.000,0,adult
14,12,0.600,Bike,2,B,1.374,19.688,0.825,-0.184,0.186,0.104,0.407,../cleaned/12/12-2BikeScooter6B_20251106_161700_14.csv,20,Female,2.250,1.250,1.250,0.000,4.000,4.500,4.500,3.500,0,young
25,12,0.600,Bike,2,B,1.302,23.647,1.282,-0.148,0.127,0.084,0.352,../cleaned/12/12-2BikeScooter6B_20251112_112311_25.csv,39,Male,1.000,0.750,0.000,0.750,4.000,6.000,6.000,7.000,1,adult
1,12,0.600,Bike,2,B,1.177,24.488,1.296,-0.141,0.223,0.090,0.338,../cleaned/12/12-2BikeScooter6B_20251029_175830_1.csv,30,Male,2.750,0.750,0.250,0.750,3.250,3.000,3.500,8.500,0,young
22,12,0.600,Bike,2,B,1.096,18.478,0.958,-0.111,0.154,0.062,0.324,../cleaned/12/12-2BikeScooter6B_20251104_145642_22.csv,29,Female,3.000,2.000,2.000,0.500,2.750,7.000,5.500,20.000,1,young
26,12,0.600,Bike,2,B,0.998,17.870,0.878,-0.131,0.072,0.059,0.283,../cleaned/12/12-2BikeScooter6B_20251111_141428_26.csv,32,Female,2.500,0.750,0.250,0.500,3.500,4.500,5.500,6.500,1,young
2,12,0.600,Bike,2,B,1.081,20.285,0.748,-0.129,0.194,0.075,0.327,../cleaned/12/12-2BikeScooter6B_20251030_125428_2.csv,55,Male,2.000,0.750,0.250,0.000,4.000,1.000,1.000,0.000,0,adult
12,12,0.600,Bike,2,B,1.240,16.800,1.345,-0.239,0.088,0.064,0.327,../cleaned/12/12-2BikeScooter6B_20251105_162800_12.csv,60,Female,3.500,1.000,0.000,0.750,2.750,4.000,5.000,4.500,0,adult
18,12,0.600,Bike,2,B,1.353,23.712,1.218,-0.182,0.139,0.091,0.396,../cleaned/12/12-2BikeScooter6B_20251107_122038_18.csv,37,Female,1.500,0.000,0.000,0.000,3.750,3.000,4.000,5.000,1,adult
21,12,0.600,Bike,2,B,1.122,16.158,0.867,-0.261,0.428,0.127,0.308,../cleaned/12/12-2BikeScooter6B_20251110_111521_21.csv,40,Female,1.333,0.750,0.000,0.000,3.000,6.000,6.000,6.000,0,adult
29,12,0.600,Bike,2,B,1.128,16.694,1.065,-0.130,0.106,0.057,0.306,../cleaned/12/12-2BikeScooter6B_20251111_163814_29.csv,35,Female,1.750,0.500,0.000,0.250,4.000,2.500,3.000,2.000,1,adult
10,12,0.600,Bike,2,B,0.960,18.155,0.864,-0.099,0.293,0.053,0.291,../cleaned/12/12-2BikeScooter6B_20251104_125156_10.csv,26,Male,1.500,0.750,0.000,0.250,2.250,3.000,2.500,1.500,0,young
31,12,0.600,Bike,2,B,1.099,20.556,0.752,-0.143,0.089,0.050,0.346,../cleaned/12/12-2BikeScooter6B_20251111_092056_31.csv,34,Female,1.000,0.250,0.000,0.000,2.250,3.500,3.000,3.000,0,young
17,12,0.600,Bike,2,B,0.893,18.821,1.299,-0.041,0.082,0.031,0.257,../cleaned/12/12-2BikeScooter6B_20251104_162350_17.csv,25,Male,1.250,1.000,0.000,0.250,3.250,3.500,3.000,1.500,1,young
6,12,0.600,Bike,2,B,1.461,22.370,1.171,-0.282,0.137,0.103,0.415,../cleaned/12/12-2BikeScooter6B_20251031_123343_6.csv,30,Female,0.500,0.000,0.000,0.000,4.750,2.000,2.000,1.500,1,young
24,12,0.600,Bike,2,B,1.008,23.199,1.086,-0.139,0.113,0.051,0.306,../cleaned/12/12-2BikeScooter6B_20251112_135028_24.csv,32,Male,0.250,0.250,0.000,0.000,3.500,3.000,3.000,0.000,0,young
10,12,0.600,Bike,2,B,0.988,14.050,0.854,-0.285,0.215,0.079,0.297,../cleaned/12/12-2BikeScooter6B_20251104_123127_10.csv,26,Male,1.500,0.750,0.000,0.250,2.250,3.000,2.500,1.500,0,young
16,12,0.600,Bike,2,B,1.088,24.083,1.329,-0.122,0.106,0.064,0.285,../cleaned/12/12-2BikeScooter6B_20251107_164233_16.csv,36,Male,2.500,0.500,0.250,0.000,2.500,1.000,1.000,0.000,1,adult
8,12,0.600,Bike,2,B,1.156,16.445,0.935,-0.126,0.148,0.045,0.330,../cleaned/12/12-2BikeScooter6B_20251104_152019_8.csv,24,Male,2.750,1.250,1.750,0.000,2.250,6.500,6.000,2.500,0,young
6,12,0.600,Bike,2,B,1.047,14.227,1.202,-0.148,0.063,0.047,0.293,../cleaned/12/12-2BikeScooter6B_20251031_122521_6.csv,30,Female,0.500,0.000,0.000,0.000,4.750,2.000,2.000,1.500,1,young
28,12,0.600,Bike,2,B,1.319,24.210,1.196,-0.391,0.278,0.133,0.402,../cleaned/12/12-2BikeScooter6B_20251105_084753_28.csv,25,Male,4.250,2.000,0.000,2.250,0.750,2.500,1.500,1.000,1,young
5,12,0.600,Bike,2,B,1.440,14.529,0.865,-0.318,0.245,0.138,0.408,../cleaned/12/12-2BikeScooter6B_20251031_105304_5.csv,53,Female,1.000,0.750,1.500,0.000,2.500,3.500,3.500,1.500,0,adult
26,12,0.600,Bike,2,B,1.190,21.684,0.773,-0.087,0.109,0.065,0.357,../cleaned/12/12-2BikeScooter6B_20251111_134934_26.csv,32,Female,2.500,0.750,0.250,0.500,3.500,4.500,5.500,6.500,1,young
28,12,0.600,Bike,2,B,1.054,24.789,1.186,-0.142,0.190,0.079,0.299,../cleaned/12/12-2BikeScooter6B_20251105_090630_28.csv,25,Male,4.250,2.000,0.000,2.250,0.750,2.500,1.500,1.000,1,young
30,12,0.600,Bike,2,B,1.049,18.889,0.981,-0.196,0.175,0.069,0.298,../cleaned/12/12-2BikeScooter6B_20251111_111653_30.csv,49,Female,0.250,0.250,0.000,0.000,3.000,1.500,1.500,0.500,1,adult
14,12,0.600,Bike,2,B,1.351,25.588,0.840,-0.164,0.297,0.128,0.394,../cleaned/12/12-2BikeScooter6B_20251106_163944_14.csv,20,Female,2.250,1.250,1.250,0.000,4.000,4.500,4.500,3.500,0,young
32,12,0.600,Bike,2,B,1.252,22.673,1.265,-0.340,0.100,0.082,0.325,../cleaned/12/12-2BikeScooter6B_20251110_085840_32.csv,20,Female,4.000,2.500,3.000,0.500,2.250,6.000,6.500,10.500,1,young
23,12,0.600,Bike,2,B,1.164,22.986,0.983,-0.127,0.050,0.045,0.311,../cleaned/12/12-2BikeScooter6B_20251110_160646_23.csv,27,Male,3.500,0.750,0.000,0.000,3.250,3.500,4.000,3.000,1,young
1,12,0.600,Bike,2,B,1.028,23.526,1.268,-0.210,0.120,0.073,0.299,../cleaned/12/12-2BikeScooter6B_20251029_185931_1.csv,30,Male,2.750,0.750,0.250,0.750,3.250,3.000,3.500,8.500,0,young
12,12,0.600,Bike,2,B,1.394,21.034,1.324,-0.139,0.081,0.053,0.387,../cleaned/12/12-2BikeScooter6B_20251105_164923_12.csv,60,Female,3.500,1.000,0.000,0.750,2.750,4.000,5.000,4.500,0,adult
27,12,0.600,Bike,2,B,0.962,18.751,1.256,-0.062,0.074,0.034,0.265,../cleaned/12/12-2BikeScooter6B_20251110_143014_27.csv,34,Male,1.250,0.250,0.000,0.000,4.000,3.000,3.500,1.500,1,young
4,12,0.600,Bike,2,B,0.937,18.532,0.898,-0.115,0.040,0.038,0.267,../cleaned/12/12-2BikeScooter6B_20251030_163532_4.csv,47,Male,1.750,2.000,1.000,1.000,2.750,2.500,2.500,1.000,1,adult
3,12,0.600,Bike,2,B,1.228,19.528,1.072,-0.261,0.120,0.101,0.346,../cleaned/12/12-2BikeScooter6B_20251030_142113_3.csv,23,Male,2.500,0.750,0.500,0.500,3.750,2.500,3.000,3.000,1,young
29,12,0.600,Bike,2,B,1.222,13.662,1.077,-0.557,0.228,0.135,0.363,../cleaned/12/12-2BikeScooter6B_20251111_165909_29.csv,35,Female,1.750,0.500,0.000,0.250,4.000,2.500,3.000,2.000,1,adult
7,12,0.600,Bike,2,B,1.190,19.418,1.125,-0.175,0.111,0.079,0.314,../cleaned/12/12-2BikeScooter6B_20251107_144331_7.csv,21,Male,3.250,1.500,0.750,0.250,3.000,5.000,5.000,13.500,1,young
21,12,0.600,Bike,2,B,1.035,12.063,0.956,-0.227,0.173,0.098,0.306,../cleaned/12/12-2BikeScooter6B_20251110_105642_21.csv,40,Female,1.333,0.750,0.000,0.000,3.000,6.000,6.000,6.000,0,adult
13,12,0.600,Bike,2,B,1.016,24.722,1.082,-0.261,0.176,0.079,0.262,../cleaned/12/12-2BikeScooter6B_20251106_143337_13.csv,51,Female,2.750,1.250,0.750,0.500,4.750,1.000,2.000,12.500,0,adult
2,12,0.600,Bike,2,B,1.118,20.776,0.913,-0.176,0.129,0.063,0.335,../cleaned/12/12-2BikeScooter6B_20251030_121018_2.csv,55,Male,2.000,0.750,0.250,0.000,4.000,1.000,1.000,0.000,0,adult
25,12,0.600,Bike,2,B,1.349,23.281,0.944,-0.157,0.213,0.094,0.365,../cleaned/12/12-2BikeScooter6B_20251112_115500_25.csv,39,Male,1.000,0.750,0.000,0.750,4.000,6.000,6.000,7.000,1,adult
9,12,0.600,Bike,2,B,1.170,24.559,1.167,-0.131,0.067,0.042,0.332,../cleaned/12/12-2BikeScooter6B_20251104_085206_9.csv,41,Male,3.250,0.750,0.250,0.250,2.750,2.000,3.000,2.000,1,adult
11,12,0.600,Bike,2,B,1.064,20.225,0.973,-0.233,0.243,0.089,0.288,../cleaned/12/12-2BikeScooter6B_20251106_083325_11.csv,62,Female,0.500,0.750,0.500,0.500,2.500,3.000,4.000,4.500,1,adult
13,12,0.600,Bike,2,B,1.201,18.129,1.637,-0.188,0.065,0.057,0.339,../cleaned/12/12-2BikeScooter6B_20251106_144909_13.csv,51,Female,2.750,1.250,0.750,0.500,4.750,1.000,2.000,12.500,0,adult
20,12,0.600,Bike,2,B,1.165,16.843,1.003,-0.258,0.248,0.101,0.331,../cleaned/12/12-2BikeScooter6B_20251106_124004_20.csv,39,Male,3.000,0.750,0.000,1.250,3.500,3.500,3.500,5.000,0,adult
22,12,0.600,Bike,2,B,1.076,23.129,0.798,-0.134,0.165,0.074,0.332,../cleaned/12/12-2BikeScooter6B_20251104_142626_22.csv,29,Female,3.000,2.000,2.000,0.500,2.750,7.000,5.500,20.000,1,young
12,13,0.000,Scooter,2,A,0.970,9.247,0.910,-0.661,0.231,0.145,0.278,../cleaned/13/13-2ScooterBike0A_20251105_161218_12.csv,60,Female,3.500,1.000,0.000,0.750,2.750,4.000,5.500,5.500,0,adult
14,13,0.000,Scooter,2,A,1.017,21.748,0.835,-0.067,0.134,0.042,0.297,../cleaned/13/13-2ScooterBike0A_20251106_162641_14.csv,20,Female,2.250,1.250,1.250,0.000,4.000,2.000,2.500,2.000,0,young
7,13,0.000,Scooter,2,A,0.893,23.832,0.844,-0.285,0.422,0.199,0.272,../cleaned/13/13-2ScooterBike0A_20251107_141348_7.csv,21,Male,3.250,1.500,0.750,0.250,3.000,4.500,4.500,10.000,1,young
5,13,0.000,Scooter,2,A,1.025,22.538,0.676,-0.330,0.233,0.113,0.334,../cleaned/13/13-2ScooterBike0A_20251031_110657_5.csv,53,Female,1.000,0.750,1.500,0.000,2.500,3.000,3.000,2.000,0,adult
27,13,0.000,Scooter,2,A,0.853,24.290,1.004,-0.352,0.393,0.137,0.270,../cleaned/13/13-2ScooterBike0A_20251110_140629_27.csv,34,Male,1.250,0.250,0.000,0.000,4.000,5.500,7.000,3.000,1,young
11,13,0.000,Scooter,2,A,0.948,19.870,1.089,-0.141,0.249,0.099,0.268,../cleaned/13/13-2ScooterBike0A_20251106_085618_11.csv,62,Female,0.500,0.750,0.500,0.500,2.500,3.000,3.500,4.000,1,adult
6,13,0.000,Scooter,2,A,0.866,22.034,1.050,-0.211,0.135,0.088,0.256,../cleaned/13/13-2ScooterBike0A_20251031_123044_6.csv,30,Female,0.500,0.000,0.000,0.000,4.750,1.000,1.000,0.000,1,young
13,13,0.000,Scooter,2,A,0.943,21.463,1.300,-0.220,0.088,0.070,0.256,../cleaned/13/13-2ScooterBike0A_20251106_144141_13.csv,51,Female,2.750,1.250,0.750,0.500,4.750,1.500,2.500,16.000,0,adult
10,13,0.000,Scooter,2,A,0.663,19.856,0.938,-0.080,0.103,0.055,0.196,../cleaned/13/13-2ScooterBike0A_20251104_125844_10.csv,26,Male,1.500,0.750,0.000,0.250,2.250,1.500,2.000,1.500,0,young
28,13,0.000,Scooter,2,A,1.080,25.789,1.211,-0.160,0.150,0.085,0.307,../cleaned/13/13-2ScooterBike0A_20251105_090446_28.csv,25,Male,4.250,2.000,0.000,2.250,0.750,2.500,1.000,0.500,1,young
26,13,0.000,Scooter,2,A,0.825,11.949,0.727,-0.215,0.189,0.077,0.251,../cleaned/13/13-2ScooterBike0A_20251111_141940_26.csv,32,Female,2.500,0.750,0.250,0.500,3.500,4.500,5.000,7.000,1,young
29,13,0.000,Scooter,2,A,0.923,19.655,1.169,-0.625,0.196,0.150,0.264,../cleaned/13/13-2ScooterBike0A_20251111_164354_29.csv,35,Female,1.750,0.500,0.000,0.250,4.000,2.500,2.500,1.500,1,adult
4,13,0.000,Scooter,2,A,0.872,10.911,0.854,-0.485,0.202,0.110,0.259,../cleaned/13/13-2ScooterBike0A_20251030_165252_4.csv,47,Male,1.750,2.000,1.000,1.000,2.750,2.500,2.500,1.500,1,adult
30,13,0.000,Scooter,2,A,1.056,18.158,1.029,-0.162,0.115,0.080,0.295,../cleaned/13/13-2ScooterBike0A_20251111_113711_30.csv,49,Female,0.250,0.250,0.000,0.000,3.000,1.500,1.500,0.500,1,adult
32,13,0.000,Scooter,2,A,0.661,17.562,1.118,-0.153,0.183,0.099,0.184,../cleaned/13/13-2ScooterBike0A_20251110_084747_32.csv,20,Female,4.000,2.500,3.000,0.500,2.250,7.000,7.000,11.000,1,young
27,13,0.000,Scooter,2,A,0.818,22.373,1.056,-0.301,0.133,0.081,0.228,../cleaned/13/13-2ScooterBike0A_20251110_143604_27.csv,34,Male,1.250,0.250,0.000,0.000,4.000,5.500,7.000,3.000,1,young
9,13,0.000,Scooter,2,A,0.922,21.013,1.182,-0.196,0.125,0.066,0.270,../cleaned/13/13-2ScooterBike0A_20251104_085956_9.csv,41,Male,3.250,0.750,0.250,0.250,2.750,3.000,3.000,1.500,1,adult
29,13,0.000,Scooter,2,A,0.849,19.957,0.954,-0.690,0.344,0.157,0.255,../cleaned/13/13-2ScooterBike0A_20251111_162112_29.csv,35,Female,1.750,0.500,0.000,0.250,4.000,2.500,2.500,1.500,1,adult
17,13,0.000,Scooter,2,A,0.582,20.699,1.329,-0.130,0.146,0.088,0.158,../cleaned/13/13-2ScooterBike0A_20251104_165216_17.csv,25,Male,1.250,1.000,0.000,0.250,3.250,6.500,5.000,4.000,1,young
12,13,0.000,Scooter,2,A,1.232,21.133,1.163,-0.668,0.206,0.157,0.373,../cleaned/13/13-2ScooterBike0A_20251105_163421_12.csv,60,Female,3.500,1.000,0.000,0.750,2.750,4.000,5.500,5.500,0,adult
9,13,0.000,Scooter,2,A,0.842,14.717,0.993,-0.262,0.107,0.065,0.247,../cleaned/13/13-2ScooterBike0A_20251104_084720_9.csv,41,Male,3.250,0.750,0.250,0.250,2.750,3.000,3.000,1.500,1,adult
8,13,0.000,Scooter,2,A,0.965,24.433,1.027,-0.431,0.143,0.103,0.269,../cleaned/13/13-2ScooterBike0A_20251104_155820_8.csv,24,Male,2.750,1.250,1.750,0.000,2.250,5.000,5.000,2.500,0,young
1,13,0.000,Scooter,2,A,0.811,16.967,1.106,-0.060,0.205,0.070,0.240,../cleaned/13/13-2ScooterBike0A_20251029_183124_1.csv,30,Male,2.750,0.750,0.250,0.750,3.250,5.500,6.000,11.000,0,young
30,13,0.000,Scooter,2,A,1.053,16.032,0.932,-0.156,0.231,0.085,0.327,../cleaned/13/13-2ScooterBike0A_20251111_112206_30.csv,49,Female,0.250,0.250,0.000,0.000,3.000,1.500,1.500,0.500,1,adult
23,13,0.000,Scooter,2,A,0.930,22.334,1.197,-0.052,0.183,0.050,0.251,../cleaned/13/13-2ScooterBike0A_20251110_161650_23.csv,27,Male,3.500,0.750,0.000,0.000,3.250,4.000,4.000,3.500,1,young
21,13,0.000,Scooter,2,A,0.801,16.806,0.988,-0.126,0.196,0.077,0.239,../cleaned/13/13-2ScooterBike0A_20251110_110247_21.csv,40,Female,1.333,0.750,0.000,0.000,3.000,4.500,5.000,4.000,0,adult
17,13,0.000,Scooter,2,A,0.398,18.412,1.224,-0.104,0.119,0.049,0.120,../cleaned/13/13-2ScooterBike0A_20251104_161700_17.csv,25,Male,1.250,1.000,0.000,0.250,3.250,6.500,5.000,4.000,1,young
32,13,0.000,Scooter,2,A,0.726,16.550,1.099,-0.140,0.146,0.084,0.204,../cleaned/13/13-2ScooterBike0A_20251110_090956_32.csv,20,Female,4.000,2.500,3.000,0.500,2.250,7.000,7.000,11.000,1,young
6,13,0.000,Scooter,2,A,0.989,23.999,1.045,-0.111,0.179,0.066,0.286,../cleaned/13/13-2ScooterBike0A_20251031_124319_6.csv,30,Female,0.500,0.000,0.000,0.000,4.750,1.000,1.000,0.000,1,young
3,13,0.000,Scooter,2,A,0.982,21.623,1.158,-0.282,0.228,0.114,0.275,../cleaned/13/13-2ScooterBike0A_20251030_143205_3.csv,23,Male,2.500,0.750,0.500,0.500,3.750,3.000,3.500,4.000,1,young
18,13,0.000,Scooter,2,A,1.052,21.812,1.209,-0.048,0.285,0.073,0.292,../cleaned/13/13-2ScooterBike0A_20251107_122816_18.csv,37,Female,1.500,0.000,0.000,0.000,3.750,2.500,4.000,5.000,1,adult
18,13,0.000,Scooter,2,A,1.096,16.773,1.218,-0.133,0.189,0.093,0.295,../cleaned/13/13-2ScooterBike0A_20251107_121155_18.csv,37,Female,1.500,0.000,0.000,0.000,3.750,2.500,4.000,5.000,1,adult
2,13,0.000,Scooter,2,A,0.789,20.963,0.786,-0.226,0.227,0.107,0.233,../cleaned/13/13-2ScooterBike0A_20251030_123636_2.csv,55,Male,2.000,0.750,0.250,0.000,4.000,1.500,1.500,0.500,0,adult
31,13,0.000,Scooter,2,A,0.700,11.934,0.722,-0.184,0.167,0.070,0.227,../cleaned/13/13-2ScooterBike0A_20251111_093230_31.csv,34,Female,1.000,0.250,0.000,0.000,2.250,4.500,4.500,3.500,0,young
8,13,0.000,Scooter,2,A,0.837,25.865,0.897,-0.217,0.256,0.120,0.229,../cleaned/13/13-2ScooterBike0A_20251104_154426_8.csv,24,Male,2.750,1.250,1.750,0.000,2.250,5.000,5.000,2.500,0,young
28,13,0.000,Scooter,2,A,1.036,24.456,0.995,-0.562,0.343,0.162,0.288,../cleaned/13/13-2ScooterBike0A_20251105_084603_28.csv,25,Male,4.250,2.000,0.000,2.250,0.750,2.500,1.000,0.500,1,young
26,13,0.000,Scooter,2,A,0.910,20.782,0.747,-0.365,0.144,0.099,0.270,../cleaned/13/13-2ScooterBike0A_20251111_135325_26.csv,32,Female,2.500,0.750,0.250,0.500,3.500,4.500,5.000,7.000,1,young
4,13,0.000,Scooter,2,A,0.835,10.476,1.064,-0.521,0.167,0.095,0.233,../cleaned/13/13-2ScooterBike0A_20251030_163042_4.csv,47,Male,1.750,2.000,1.000,1.000,2.750,2.500,2.500,1.500,1,adult
22,13,0.000,Scooter,2,A,0.761,11.779,0.711,-0.382,0.131,0.088,0.228,../cleaned/13/13-2ScooterBike0A_20251104_144625_22.csv,29,Female,3.000,2.000,2.000,0.500,2.750,8.000,7.500,18.500,1,young
13,13,0.000,Scooter,2,A,0.927,20.236,1.150,-0.252,0.116,0.068,0.247,../cleaned/13/13-2ScooterBike0A_20251106_142353_13.csv,51,Female,2.750,1.250,0.750,0.500,4.750,1.500,2.500,16.000,0,adult
14,13,0.000,Scooter,2,A,1.150,23.566,1.163,-0.035,0.164,0.061,0.293,../cleaned/13/13-2ScooterBike0A_20251106_164044_14.csv,20,Female,2.250,1.250,1.250,0.000,4.000,2.000,2.500,2.000,0,young
10,13,0.000,Scooter,2,A,0.719,17.228,0.852,-0.180,0.191,0.061,0.209,../cleaned/13/13-2ScooterBike0A_20251104_123639_10.csv,26,Male,1.500,0.750,0.000,0.250,2.250,1.500,2.000,1.500,0,young
16,13,0.000,Scooter,2,A,1.152,25.795,1.504,-0.062,0.164,0.064,0.273,../cleaned/13/13-2ScooterBike0A_20251107_164405_16.csv,36,Male,2.500,0.500,0.250,0.000,2.500,1.500,1.000,0.000,1,adult
11,13,0.000,Scooter,2,A,1.002,21.242,1.107,-0.113,0.233,0.090,0.300,../cleaned/13/13-2ScooterBike0A_20251106_084224_11.csv,62,Female,0.500,0.750,0.500,0.500,2.500,3.000,3.500,4.000,1,adult
3,13,0.000,Scooter,2,A,0.977,21.402,1.237,-0.341,0.364,0.158,0.302,../cleaned/13/13-2ScooterBike0A_20251030_144701_3.csv,23,Male,2.500,0.750,0.500,0.500,3.750,3.000,3.500,4.000,1,young
21,13,0.000,Scooter,2,A,0.851,23.439,1.083,-0.150,0.161,0.082,0.224,../cleaned/13/13-2ScooterBike0A_20251110_104622_21.csv,40,Female,1.333,0.750,0.000,0.000,3.000,4.500,5.000,4.000,0,adult
23,13,0.000,Scooter,2,A,0.948,23.239,1.132,-0.040,0.121,0.049,0.273,../cleaned/13/13-2ScooterBike0A_20251110_163750_23.csv,27,Male,3.500,0.750,0.000,0.000,3.250,4.000,4.000,3.500,1,young
7,13,0.000,Scooter,2,A,0.880,23.132,1.103,-0.250,0.136,0.093,0.241,../cleaned/13/13-2ScooterBike0A_20251107_145128_7.csv,21,Male,3.250,1.500,0.750,0.250,3.000,4.500,4.500,10.000,1,young
20,13,0.000,Scooter,2,A,0.939,13.182,0.927,-0.257,0.220,0.113,0.268,../cleaned/13/13-2ScooterBike0A_20251106_124752_20.csv,39,Male,3.000,0.750,0.000,1.250,3.500,3.500,4.000,5.000,0,adult
25,13,0.000,Scooter,2,A,0.855,24.941,1.247,-0.217,0.214,0.066,0.244,../cleaned/13/13-2ScooterBike0A_20251112_112624_25.csv,39,Male,1.000,0.750,0.000,0.750,4.000,6.000,5.500,6.000,1,adult
5,13,0.000,Scooter,2,A,0.996,25.521,0.978,-0.302,0.116,0.088,0.305,../cleaned/13/13-2ScooterBike0A_20251031_115301_5.csv,53,Female,1.000,0.750,1.500,0.000,2.500,3.000,3.000,2.000,0,adult
24,13,0.000,Scooter,2,A,0.767,21.644,0.893,-0.180,0.115,0.069,0.225,../cleaned/13/13-2ScooterBike0A_20251112_134452_24.csv,32,Male,0.250,0.250,0.000,0.000,3.500,2.000,3.000,0.000,0,young
22,13,0.000,Scooter,2,A,0.740,17.626,0.992,-0.228,0.101,0.065,0.220,../cleaned/13/13-2ScooterBike0A_20251104_150928_22.csv,29,Female,3.000,2.000,2.000,0.500,2.750,8.000,7.500,18.500,1,young
20,13,0.000,Scooter,2,A,0.938,19.912,0.994,-0.288,0.186,0.094,0.254,../cleaned/13/13-2ScooterBike0A_20251106_123243_20.csv,39,Male,3.000,0.750,0.000,1.250,3.500,3.500,4.000,5.000,0,adult
16,13,0.000,Scooter,2,A,0.987,24.261,1.162,-0.206,0.171,0.098,0.262,../cleaned/13/13-2ScooterBike0A_20251107_162057_16.csv,36,Male,2.500,0.500,0.250,0.000,2.500,1.500,1.000,0.000,1,adult
18,14,0.000,Scooter,2,B,1.008,21.173,1.258,-0.044,0.185,0.083,0.273,../cleaned/14/14-2ScooterBike0B_20251107_120431_18.csv,37,Female,1.500,0.000,0.000,0.000,3.750,3.000,4.500,5.500,1,adult
21,14,0.000,Scooter,2,B,0.818,22.507,0.885,-0.223,0.268,0.105,0.258,../cleaned/14/14-2ScooterBike0B_20251110_111430_21.csv,40,Female,1.333,0.750,0.000,0.000,3.000,5.500,6.500,5.500,0,adult
7,14,0.000,Scooter,2,B,0.774,19.884,1.013,-0.093,0.254,0.079,0.240,../cleaned/14/14-2ScooterBike0B_20251107_142740_7.csv,21,Male,3.250,1.500,0.750,0.250,3.000,6.000,6.500,15.500,1,young
6,14,0.000,Scooter,2,B,0.870,12.400,1.246,-0.186,0.188,0.087,0.247,../cleaned/14/14-2ScooterBike0B_20251031_122033_6.csv,30,Female,0.500,0.000,0.000,0.000,4.750,1.500,2.000,1.500,1,young
23,14,0.000,Scooter,2,B,0.917,22.316,1.115,-0.188,0.144,0.064,0.268,../cleaned/14/14-2ScooterBike0B_20251110_161115_23.csv,27,Male,3.500,0.750,0.000,0.000,3.250,4.000,4.000,3.000,1,young
17,14,0.000,Scooter,2,B,0.675,21.341,1.354,-0.189,0.086,0.063,0.191,../cleaned/14/14-2ScooterBike0B_20251104_161038_17.csv,25,Male,1.250,1.000,0.000,0.250,3.250,6.000,6.000,3.000,1,young
14,14,0.000,Scooter,2,B,1.085,23.678,0.844,-0.286,0.236,0.093,0.324,../cleaned/14/14-2ScooterBike0B_20251106_164423_14.csv,20,Female,2.250,1.250,1.250,0.000,4.000,3.500,4.000,2.500,0,young
26,14,0.000,Scooter,2,B,1.031,17.349,0.824,-0.415,0.149,0.081,0.323,../cleaned/14/14-2ScooterBike0B_20251111_134119_26.csv,32,Female,2.500,0.750,0.250,0.500,3.500,6.000,7.000,12.500,1,young
31,14,0.000,Scooter,2,B,0.814,24.166,0.824,-0.497,0.172,0.116,0.255,../cleaned/14/14-2ScooterBike0B_20251111_092550_31.csv,34,Female,1.000,0.250,0.000,0.000,2.250,3.500,3.500,2.500,0,young
4,14,0.000,Scooter,2,B,0.812,12.209,0.992,-0.401,0.092,0.080,0.220,../cleaned/14/14-2ScooterBike0B_20251030_163631_4.csv,47,Male,1.750,2.000,1.000,1.000,2.750,3.000,3.000,2.000,1,adult
16,14,0.000,Scooter,2,B,1.075,23.695,1.379,-0.000,0.183,0.058,0.289,../cleaned/14/14-2ScooterBike0B_20251107_163705_16.csv,36,Male,2.500,0.500,0.250,0.000,2.500,1.000,1.000,0.000,1,adult
5,14,0.000,Scooter,2,B,0.946,24.398,0.809,-0.413,0.138,0.080,0.301,../cleaned/14/14-2ScooterBike0B_20251031_114637_5.csv,53,Female,1.000,0.750,1.500,0.000,2.500,5.500,4.000,2.000,0,adult
32,14,0.000,Scooter,2,B,0.792,11.482,1.166,-0.194,0.269,0.130,0.226,../cleaned/14/14-2ScooterBike0B_20251110_091704_32.csv,20,Female,4.000,2.500,3.000,0.500,2.250,6.000,7.000,10.500,1,young
9,14,0.000,Scooter,2,B,0.803,23.226,0.904,-0.277,0.240,0.132,0.249,../cleaned/14/14-2ScooterBike0B_20251104_083611_9.csv,41,Male,3.250,0.750,0.250,0.250,2.750,3.000,4.000,2.500,1,adult
10,14,0.000,Scooter,2,B,0.705,16.269,0.844,-0.125,0.208,0.072,0.203,../cleaned/14/14-2ScooterBike0B_20251104_125425_10.csv,26,Male,1.500,0.750,0.000,0.250,2.250,3.000,2.500,1.000,0,young
31,14,0.000,Scooter,2,B,0.877,20.380,0.963,-0.384,0.168,0.089,0.254,../cleaned/14/14-2ScooterBike0B_20251111_094712_31.csv,34,Female,1.000,0.250,0.000,0.000,2.250,3.500,3.500,2.500,0,young
30,14,0.000,Scooter,2,B,1.175,17.506,1.118,-0.178,0.170,0.075,0.338,../cleaned/14/14-2ScooterBike0B_20251111_112547_30.csv,49,Female,0.250,0.250,0.000,0.000,3.000,1.500,1.500,0.500,1,adult
8,14,0.000,Scooter,2,B,0.969,20.548,1.048,-0.501,0.242,0.143,0.303,../cleaned/14/14-2ScooterBike0B_20251104_155916_8.csv,24,Male,2.750,1.250,1.750,0.000,2.250,7.500,6.000,3.500,0,young
26,14,0.000,Scooter,2,B,0.804,21.510,0.756,-0.191,0.144,0.095,0.233,../cleaned/14/14-2ScooterBike0B_20251111_140020_26.csv,32,Female,2.500,0.750,0.250,0.500,3.500,6.000,7.000,12.500,1,young
30,14,0.000,Scooter,2,B,1.088,16.982,1.136,-0.191,0.127,0.078,0.314,../cleaned/14/14-2ScooterBike0B_20251111_111128_30.csv,49,Female,0.250,0.250,0.000,0.000,3.000,1.500,1.500,0.500,1,adult
3,14,0.000,Scooter,2,B,0.781,25.833,1.290,-0.300,0.403,0.170,0.214,../cleaned/14/14-2ScooterBike0B_20251030_141452_3.csv,23,Male,2.500,0.750,0.500,0.500,3.750,2.000,3.000,3.000,1,young
22,14,0.000,Scooter,2,B,0.946,21.866,0.733,-0.365,0.189,0.135,0.294,../cleaned/14/14-2ScooterBike0B_20251104_144213_22.csv,29,Female,3.000,2.000,2.000,0.500,2.750,9.000,7.500,22.500,1,young
10,14,0.000,Scooter,2,B,0.826,20.974,0.937,-0.173,0.194,0.065,0.246,../cleaned/14/14-2ScooterBike0B_20251104_122837_10.csv,26,Male,1.500,0.750,0.000,0.250,2.250,3.000,2.500,1.000,0,young
1,14,0.000,Scooter,2,B,0.873,24.653,1.062,-0.134,0.377,0.119,0.259,../cleaned/14/14-2ScooterBike0B_20251029_183213_1.csv,30,Male,2.750,0.750,0.250,0.750,3.250,5.000,5.500,11.500,0,young
12,14,0.000,Scooter,2,B,1.162,16.804,0.998,-0.546,0.240,0.169,0.318,../cleaned/14/14-2ScooterBike0B_20251105_162104_12.csv,60,Female,3.500,1.000,0.000,0.750,2.750,4.000,4.500,5.000,0,adult
21,14,0.000,Scooter,2,B,0.894,23.210,0.943,-0.240,0.120,0.064,0.230,../cleaned/14/14-2ScooterBike0B_20251110_105434_21.csv,40,Female,1.333,0.750,0.000,0.000,3.000,5.500,6.500,5.500,0,adult
14,14,0.000,Scooter,2,B,0.870,18.851,0.846,-0.117,0.122,0.069,0.259,../cleaned/14/14-2ScooterBike0B_20251106_161247_14.csv,20,Female,2.250,1.250,1.250,0.000,4.000,3.500,4.000,2.500,0,young
28,14,0.000,Scooter,2,B,1.232,19.824,0.928,-0.728,0.280,0.141,0.355,../cleaned/14/14-2ScooterBike0B_20251105_083638_28.csv,25,Male,4.250,2.000,0.000,2.250,0.750,2.500,2.000,1.000,1,young
4,14,0.000,Scooter,2,B,0.893,13.788,0.810,-0.197,0.096,0.078,0.276,../cleaned/14/14-2ScooterBike0B_20251030_161438_4.csv,47,Male,1.750,2.000,1.000,1.000,2.750,3.000,3.000,2.000,1,adult
11,14,0.000,Scooter,2,B,0.969,21.669,1.117,-0.097,0.142,0.074,0.275,../cleaned/14/14-2ScooterBike0B_20251106_084622_11.csv,62,Female,0.500,0.750,0.500,0.500,2.500,3.500,3.500,4.000,1,adult
12,14,0.000,Scooter,2,B,1.063,21.869,1.108,-0.310,0.136,0.112,0.304,../cleaned/14/14-2ScooterBike0B_20251105_164734_12.csv,60,Female,3.500,1.000,0.000,0.750,2.750,4.000,4.500,5.000,0,adult
8,14,0.000,Scooter,2,B,0.953,24.225,1.071,-0.410,0.233,0.117,0.271,../cleaned/14/14-2ScooterBike0B_20251104_152915_8.csv,24,Male,2.750,1.250,1.750,0.000,2.250,7.500,6.000,3.500,0,young
5,14,0.000,Scooter,2,B,1.044,22.085,1.020,-0.462,0.154,0.106,0.302,../cleaned/14/14-2ScooterBike0B_20251031_104226_5.csv,53,Female,1.000,0.750,1.500,0.000,2.500,5.500,4.000,2.000,0,adult
1,14,0.000,Scooter,2,B,0.864,24.412,1.034,-0.132,0.214,0.111,0.244,../cleaned/14/14-2ScooterBike0B_20251029_185126_1.csv,30,Male,2.750,0.750,0.250,0.750,3.250,5.000,5.500,11.500,0,young
22,14,0.000,Scooter,2,B,0.904,22.247,0.944,-0.232,0.126,0.092,0.281,../cleaned/14/14-2ScooterBike0B_20251104_145928_22.csv,29,Female,3.000,2.000,2.000,0.500,2.750,9.000,7.500,22.500,1,young
20,14,0.000,Scooter,2,B,0.962,13.756,1.185,-0.128,0.252,0.089,0.283,../cleaned/14/14-2ScooterBike0B_20251106_124105_20.csv,39,Male,3.000,0.750,0.000,1.250,3.500,4.000,4.000,5.000,0,adult
3,14,0.000,Scooter,2,B,1.152,25.296,1.298,-0.280,0.069,0.101,0.347,../cleaned/14/14-2ScooterBike0B_20251030_144549_3.csv,23,Male,2.500,0.750,0.500,0.500,3.750,2.000,3.000,3.000,1,young
28,14,0.000,Scooter,2,B,0.927,24.382,1.120,-0.221,0.154,0.086,0.245,../cleaned/14/14-2ScooterBike0B_20251105_085035_28.csv,25,Male,4.250,2.000,0.000,2.250,0.750,2.500,2.000,1.000,1,young
29,14,0.000,Scooter,2,B,1.037,9.478,1.279,-0.393,0.222,0.177,0.270,../cleaned/14/14-2ScooterBike0B_20251111_164810_29.csv,35,Female,1.750,0.500,0.000,0.250,4.000,2.500,3.000,2.000,1,adult
27,14,0.000,Scooter,2,B,0.780,24.562,1.041,-0.289,0.205,0.126,0.213,../cleaned/14/14-2ScooterBike0B_20251110_141417_27.csv,34,Male,1.250,0.250,0.000,0.000,4.000,6.500,6.500,2.500,1,young
2,14,0.000,Scooter,2,B,0.782,12.331,0.763,-0.128,0.266,0.099,0.230,../cleaned/14/14-2ScooterBike0B_20251030_125145_2.csv,55,Male,2.000,0.750,0.250,0.000,4.000,1.000,2.000,1.000,0,adult
29,14,0.000,Scooter,2,B,0.752,14.005,0.979,-0.178,0.303,0.122,0.220,../cleaned/14/14-2ScooterBike0B_20251111_162855_29.csv,35,Female,1.750,0.500,0.000,0.250,4.000,2.500,3.000,2.000,1,adult
27,14,0.000,Scooter,2,B,0.793,25.220,1.093,-0.208,0.087,0.078,0.241,../cleaned/14/14-2ScooterBike0B_20251110_144804_27.csv,34,Male,1.250,0.250,0.000,0.000,4.000,6.500,6.500,2.500,1,young
11,14,0.000,Scooter,2,B,1.038,19.583,0.900,-0.102,0.136,0.070,0.316,../cleaned/14/14-2ScooterBike0B_20251106_083125_11.csv,62,Female,0.500,0.750,0.500,0.500,2.500,3.500,3.500,4.000,1,adult
6,14,0.000,Scooter,2,B,0.932,21.913,1.046,-0.139,0.321,0.094,0.274,../cleaned/14/14-2ScooterBike0B_20251031_123554_6.csv,30,Female,0.500,0.000,0.000,0.000,4.750,1.500,2.000,1.500,1,young
17,14,0.000,Scooter,2,B,0.801,10.471,1.366,-0.377,0.152,0.122,0.221,../cleaned/14/14-2ScooterBike0B_20251104_162720_17.csv,25,Male,1.250,1.000,0.000,0.250,3.250,6.000,6.000,3.000,1,young
32,14,0.000,Scooter,2,B,0.752,17.757,1.218,-0.147,0.210,0.104,0.208,../cleaned/14/14-2ScooterBike0B_20251110_085449_32.csv,20,Female,4.000,2.500,3.000,0.500,2.250,6.000,7.000,10.500,1,young
16,14,0.000,Scooter,2,B,1.018,22.556,1.324,-0.156,0.345,0.117,0.260,../cleaned/14/14-2ScooterBike0B_20251107_162653_16.csv,36,Male,2.500,0.500,0.250,0.000,2.500,1.000,1.000,0.000,1,adult
20,14,0.000,Scooter,2,B,1.057,18.488,0.879,-0.226,0.213,0.089,0.315,../cleaned/14/14-2ScooterBike0B_20251106_121759_20.csv,39,Male,3.000,0.750,0.000,1.250,3.500,4.000,4.000,5.000,0,adult
7,14,0.000,Scooter,2,B,0.812,25.520,1.205,-0.110,0.071,0.056,0.226,../cleaned/14/14-2ScooterBike0B_20251107_144536_7.csv,21,Male,3.250,1.500,0.750,0.250,3.000,6.000,6.500,15.500,1,young
13,14,0.000,Scooter,2,B,0.852,21.876,1.399,-0.110,0.056,0.040,0.254,../cleaned/14/14-2ScooterBike0B_20251106_142721_13.csv,51,Female,2.750,1.250,0.750,0.500,4.750,2.000,2.000,20.000,0,adult
25,14,0.000,Scooter,2,B,0.910,12.862,1.216,-0.247,0.139,0.084,0.232,../cleaned/14/14-2ScooterBike0B_20251112_111345_25.csv,39,Male,1.000,0.750,0.000,0.750,4.000,6.000,7.000,8.500,1,adult
9,14,0.000,Scooter,2,B,0.955,23.865,1.013,-0.352,0.156,0.101,0.267,../cleaned/14/14-2ScooterBike0B_20251104_085032_9.csv,41,Male,3.250,0.750,0.250,0.250,2.750,3.000,4.000,2.500,1,adult
23,14,0.000,Scooter,2,B,0.870,24.700,1.054,-0.130,0.152,0.069,0.244,../cleaned/14/14-2ScooterBike0B_20251110_163001_23.csv,27,Male,3.500,0.750,0.000,0.000,3.250,4.000,4.000,3.000,1,young
13,14,0.000,Scooter,2,B,0.759,22.207,1.371,-0.075,0.032,0.040,0.218,../cleaned/14/14-2ScooterBike0B_20251106_144056_13.csv,51,Female,2.750,1.250,0.750,0.500,4.750,2.000,2.000,20.000,0,adult
18,14,0.000,Scooter,2,B,0.935,18.234,1.102,-0.178,0.342,0.130,0.318,../cleaned/14/14-2ScooterBike0B_20251107_121947_18.csv,37,Female,1.500,0.000,0.000,0.000,3.750,3.000,4.500,5.500,1,adult
24,14,0.000,Scooter,2,B,0.696,20.765,1.025,-0.075,0.175,0.065,0.228,../cleaned/14/14-2ScooterBike0B_20251112_135403_24.csv,32,Male,0.250,0.250,0.000,0.000,3.500,3.000,3.000,0.000,0,young
25,14,0.000,Scooter,2,B,1.004,23.304,1.342,-0.232,0.131,0.074,0.263,../cleaned/14/14-2ScooterBike0B_20251112_112817_25.csv,39,Male,1.000,0.750,0.000,0.750,4.000,6.000,7.000,8.500,1,adult
4,15,0.600,Scooter,2,A,0.951,14.893,1.143,-0.215,0.083,0.050,0.253,../cleaned/15/15-2ScooterBike6A_20251030_165348_4.csv,47,Male,1.750,2.000,1.000,1.000,2.750,2.000,2.000,1.000,1,adult
29,15,0.600,Scooter,2,A,1.041,22.563,0.875,-0.155,0.057,0.039,0.311,../cleaned/15/15-2ScooterBike6A_20251111_161803_29.csv,35,Female,1.750,0.500,0.000,0.250,4.000,2.500,2.500,1.500,1,adult
26,15,0.600,Scooter,2,A,1.050,16.944,0.840,-0.138,0.121,0.063,0.300,../cleaned/15/15-2ScooterBike6A_20251111_142143_26.csv,32,Female,2.500,0.750,0.250,0.500,3.500,2.500,3.000,3.000,1,young
28,15,0.600,Scooter,2,A,1.032,24.549,1.099,-0.152,0.203,0.069,0.270,../cleaned/15/15-2ScooterBike6A_20251105_090210_28.csv,25,Male,4.250,2.000,0.000,2.250,0.750,1.500,1.500,1.000,1,young
7,15,0.600,Scooter,2,A,1.070,18.895,1.260,-0.201,0.183,0.073,0.299,../cleaned/15/15-2ScooterBike6A_20251107_142346_7.csv,21,Male,3.250,1.500,0.750,0.250,3.000,4.500,5.000,13.000,1,young
5,15,0.600,Scooter,2,A,1.303,25.449,0.939,-0.260,0.132,0.076,0.381,../cleaned/15/15-2ScooterBike6A_20251031_115349_5.csv,53,Female,1.000,0.750,1.500,0.000,2.500,2.500,2.500,1.500,0,adult
10,15,0.600,Scooter,2,A,0.871,7.132,0.882,-0.177,0.155,0.076,0.260,../cleaned/15/15-2ScooterBike6A_20251104_130257_10.csv,26,Male,1.500,0.750,0.000,0.250,2.250,1.500,2.000,1.000,0,young
30,15,0.600,Scooter,2,A,1.079,12.030,1.110,-0.256,0.176,0.105,0.318,../cleaned/15/15-2ScooterBike6A_20251111_112118_30.csv,49,Female,0.250,0.250,0.000,0.000,3.000,1.000,1.000,0.500,1,adult
32,15,0.600,Scooter,2,A,0.938,14.309,1.279,-0.136,0.100,0.061,0.233,../cleaned/15/15-2ScooterBike6A_20251110_091050_32.csv,20,Female,4.000,2.500,3.000,0.500,2.250,5.000,5.500,8.000,1,young
3,15,0.600,Scooter,2,A,1.260,20.799,1.200,-0.478,0.194,0.131,0.344,../cleaned/15/15-2ScooterBike6A_20251030_145322_3.csv,23,Male,2.500,0.750,0.500,0.500,3.750,2.500,2.500,3.000,1,young
25,15,0.600,Scooter,2,A,1.253,25.203,1.276,-0.173,0.079,0.073,0.310,../cleaned/15/15-2ScooterBike6A_20251112_114503_25.csv,39,Male,1.000,0.750,0.000,0.750,4.000,5.000,4.500,5.000,1,adult
9,15,0.600,Scooter,2,A,1.095,23.674,1.095,-0.176,0.129,0.073,0.299,../cleaned/15/15-2ScooterBike6A_20251104_085606_9.csv,41,Male,3.250,0.750,0.250,0.250,2.750,2.500,3.000,1.500,1,adult
2,15,0.600,Scooter,2,A,0.958,19.340,0.993,-0.073,0.072,0.041,0.281,../cleaned/15/15-2ScooterBike6A_20251030_121231_2.csv,55,Male,2.000,0.750,0.250,0.000,4.000,1.000,1.000,0.000,0,adult
31,15,0.600,Scooter,2,A,1.068,18.411,0.727,-0.119,0.103,0.044,0.335,../cleaned/15/15-2ScooterBike6A_20251111_091409_31.csv,34,Female,1.000,0.250,0.000,0.000,2.250,3.000,3.000,3.000,0,young
25,15,0.600,Scooter,2,A,1.181,22.604,1.172,-0.187,0.182,0.067,0.319,../cleaned/15/15-2ScooterBike6A_20251112_112034_25.csv,39,Male,1.000,0.750,0.000,0.750,4.000,5.000,4.500,5.000,1,adult
18,15,0.600,Scooter,2,A,1.257,20.869,1.277,-0.469,0.204,0.127,0.343,../cleaned/15/15-2ScooterBike6A_20251107_121436_18.csv,37,Female,1.500,0.000,0.000,0.000,3.750,3.000,4.000,5.000,1,adult
8,15,0.600,Scooter,2,A,1.025,25.852,1.204,-0.173,0.098,0.056,0.285,../cleaned/15/15-2ScooterBike6A_20251104_155138_8.csv,24,Male,2.750,1.250,1.750,0.000,2.250,5.500,6.000,3.500,0,young
27,15,0.600,Scooter,2,A,0.771,23.733,1.095,-0.073,0.156,0.047,0.199,../cleaned/15/15-2ScooterBike6A_20251110_143158_27.csv,34,Male,1.250,0.250,0.000,0.000,4.000,2.500,3.500,1.000,1,young
5,15,0.600,Scooter,2,A,1.290,23.645,0.826,-0.173,0.157,0.066,0.388,../cleaned/15/15-2ScooterBike6A_20251031_110806_5.csv,53,Female,1.000,0.750,1.500,0.000,2.500,2.500,2.500,1.500,0,adult
32,15,0.600,Scooter,2,A,1.023,22.395,1.267,-0.191,0.118,0.067,0.282,../cleaned/15/15-2ScooterBike6A_20251110_084951_32.csv,20,Female,4.000,2.500,3.000,0.500,2.250,5.000,5.500,8.000,1,young
28,15,0.600,Scooter,2,A,1.185,14.733,0.952,-0.492,0.235,0.128,0.315,../cleaned/15/15-2ScooterBike6A_20251105_084133_28.csv,25,Male,4.250,2.000,0.000,2.250,0.750,1.500,1.500,1.000,1,young
7,15,0.600,Scooter,2,A,1.299,21.477,1.285,-0.367,0.149,0.141,0.351,../cleaned/15/15-2ScooterBike6A_20251107_145221_7.csv,21,Male,3.250,1.500,0.750,0.250,3.000,4.500,5.000,13.000,1,young
13,15,0.600,Scooter,2,A,1.151,18.913,1.427,-0.249,0.124,0.097,0.313,../cleaned/15/15-2ScooterBike6A_20251106_144758_13.csv,51,Female,2.750,1.250,0.750,0.500,4.750,1.000,1.500,10.000,0,adult
16,15,0.600,Scooter,2,A,1.082,24.382,1.188,-0.113,0.118,0.066,0.295,../cleaned/15/15-2ScooterBike6A_20251107_163147_16.csv,36,Male,2.500,0.500,0.250,0.000,2.500,1.000,1.000,0.000,1,adult
29,15,0.600,Scooter,2,A,1.114,14.132,1.134,-0.317,0.144,0.117,0.317,../cleaned/15/15-2ScooterBike6A_20251111_163953_29.csv,35,Female,1.750,0.500,0.000,0.250,4.000,2.500,2.500,1.500,1,adult
18,15,0.600,Scooter,2,A,1.355,22.060,1.240,-0.360,0.131,0.090,0.378,../cleaned/15/15-2ScooterBike6A_20251107_122901_18.csv,37,Female,1.500,0.000,0.000,0.000,3.750,3.000,4.000,5.000,1,adult
9,15,0.600,Scooter,2,A,1.109,21.049,1.197,-0.097,0.083,0.041,0.316,../cleaned/15/15-2ScooterBike6A_20251104_084124_9.csv,41,Male,3.250,0.750,0.250,0.250,2.750,2.500,3.000,1.500,1,adult
17,15,0.600,Scooter,2,A,0.947,23.985,1.220,-0.045,0.050,0.020,0.243,../cleaned/15/15-2ScooterBike6A_20251104_161309_17.csv,25,Male,1.250,1.000,0.000,0.250,3.250,5.000,4.000,2.000,1,young
26,15,0.600,Scooter,2,A,1.076,20.046,0.792,-0.158,0.080,0.054,0.313,../cleaned/15/15-2ScooterBike6A_20251111_135538_26.csv,32,Female,2.500,0.750,0.250,0.500,3.500,2.500,3.000,3.000,1,young
22,15,0.600,Scooter,2,A,1.038,17.474,0.775,-0.187,0.109,0.072,0.314,../cleaned/15/15-2ScooterBike6A_20251104_144730_22.csv,29,Female,3.000,2.000,2.000,0.500,2.750,7.500,6.500,18.500,1,young
23,15,0.600,Scooter,2,A,0.993,25.051,1.153,-0.138,0.071,0.049,0.272,../cleaned/15/15-2ScooterBike6A_20251110_161928_23.csv,27,Male,3.500,0.750,0.000,0.000,3.250,3.500,4.000,2.500,1,young
16,15,0.600,Scooter,2,A,1.023,25.849,1.403,-0.172,0.075,0.062,0.244,../cleaned/15/15-2ScooterBike6A_20251107_164443_16.csv,36,Male,2.500,0.500,0.250,0.000,2.500,1.000,1.000,0.000,1,adult
30,15,0.600,Scooter,2,A,1.029,14.426,1.130,-0.222,0.201,0.110,0.276,../cleaned/15/15-2ScooterBike6A_20251111_113812_30.csv,49,Female,0.250,0.250,0.000,0.000,3.000,1.000,1.000,0.500,1,adult
1,15,0.600,Scooter,2,A,1.173,24.862,1.155,-0.403,0.166,0.103,0.329,../cleaned/15/15-2ScooterBike6A_20251029_181041_1.csv,30,Male,2.750,0.750,0.250,0.750,3.250,4.500,5.000,8.500,0,young
14,15,0.600,Scooter,2,A,1.135,13.786,0.872,-0.296,0.117,0.072,0.336,../cleaned/15/15-2ScooterBike6A_20251106_161900_14.csv,20,Female,2.250,1.250,1.250,0.000,4.000,4.000,4.500,2.000,0,young
12,15,0.600,Scooter,2,A,1.128,14.932,1.234,-0.240,0.110,0.071,0.320,../cleaned/15/15-2ScooterBike6A_20251105_162444_12.csv,60,Female,3.500,1.000,0.000,0.750,2.750,3.500,4.000,4.500,0,adult
17,15,0.600,Scooter,2,A,0.796,8.761,1.373,-0.058,0.082,0.037,0.218,../cleaned/15/15-2ScooterBike6A_20251104_163822_17.csv,25,Male,1.250,1.000,0.000,0.250,3.250,5.000,4.000,2.000,1,young
4,15,0.600,Scooter,2,A,0.910,10.179,1.005,-0.212,0.104,0.056,0.260,../cleaned/15/15-2ScooterBike6A_20251030_162939_4.csv,47,Male,1.750,2.000,1.000,1.000,2.750,2.000,2.000,1.000,1,adult
23,15,0.600,Scooter,2,A,0.900,15.397,0.986,-0.220,0.074,0.059,0.252,../cleaned/15/15-2ScooterBike6A_20251110_164132_23.csv,27,Male,3.500,0.750,0.000,0.000,3.250,3.500,4.000,2.500,1,young
13,15,0.600,Scooter,2,A,1.086,20.036,1.153,-0.128,0.088,0.044,0.285,../cleaned/15/15-2ScooterBike6A_20251106_143118_13.csv,51,Female,2.750,1.250,0.750,0.500,4.750,1.000,1.500,10.000,0,adult
6,15,0.600,Scooter,2,A,1.363,23.834,1.125,-0.394,0.163,0.129,0.365,../cleaned/15/15-2ScooterBike6A_20251031_124402_6.csv,30,Female,0.500,0.000,0.000,0.000,4.750,1.000,1.000,0.000,1,young
20,15,0.600,Scooter,2,A,1.268,17.524,0.875,-0.249,0.143,0.082,0.348,../cleaned/15/15-2ScooterBike6A_20251106_121353_20.csv,39,Male,3.000,0.750,0.000,1.250,3.500,2.500,3.000,3.500,0,adult
20,15,0.600,Scooter,2,A,1.090,11.740,0.988,-0.209,0.137,0.083,0.293,../cleaned/15/15-2ScooterBike6A_20251106_123659_20.csv,39,Male,3.000,0.750,0.000,1.250,3.500,2.500,3.000,3.500,0,adult
21,15,0.600,Scooter,2,A,1.006,16.009,1.101,-0.094,0.139,0.068,0.283,../cleaned/15/15-2ScooterBike6A_20251110_105549_21.csv,40,Female,1.333,0.750,0.000,0.000,3.000,4.000,4.500,5.000,0,adult
27,15,0.600,Scooter,2,A,0.895,23.786,1.090,-0.052,0.080,0.035,0.251,../cleaned/15/15-2ScooterBike6A_20251110_145346_27.csv,34,Male,1.250,0.250,0.000,0.000,4.000,2.500,3.500,1.000,1,young
8,15,0.600,Scooter,2,A,1.056,22.095,0.819,-0.614,0.165,0.136,0.311,../cleaned/15/15-2ScooterBike6A_20251104_152421_8.csv,24,Male,2.750,1.250,1.750,0.000,2.250,5.500,6.000,3.500,0,young
10,15,0.600,Scooter,2,A,0.991,14.352,0.969,-0.183,0.076,0.045,0.288,../cleaned/15/15-2ScooterBike6A_20251104_124458_10.csv,26,Male,1.500,0.750,0.000,0.250,2.250,1.500,2.000,1.000,0,young
31,15,0.600,Scooter,2,A,1.098,18.923,0.987,-0.154,0.096,0.061,0.325,../cleaned/15/15-2ScooterBike6A_20251111_093456_31.csv,34,Female,1.000,0.250,0.000,0.000,2.250,3.000,3.000,3.000,0,young
12,15,0.600,Scooter,2,A,1.396,21.307,1.281,-0.421,0.197,0.096,0.352,../cleaned/15/15-2ScooterBike6A_20251105_164339_12.csv,60,Female,3.500,1.000,0.000,0.750,2.750,3.500,4.000,4.500,0,adult
21,15,0.600,Scooter,2,A,1.142,16.261,0.935,-0.227,0.247,0.108,0.306,../cleaned/15/15-2ScooterBike6A_20251110_111336_21.csv,40,Female,1.333,0.750,0.000,0.000,3.000,4.000,4.500,5.000,0,adult
11,15,0.600,Scooter,2,A,0.826,20.816,1.110,-0.194,0.302,0.121,0.252,../cleaned/15/15-2ScooterBike6A_20251106_085714_11.csv,62,Female,0.500,0.750,0.500,0.500,2.500,3.500,3.500,4.000,1,adult
3,15,0.600,Scooter,2,A,1.327,20.113,1.291,-0.380,0.146,0.101,0.392,../cleaned/15/15-2ScooterBike6A_20251030_143310_3.csv,23,Male,2.500,0.750,0.500,0.500,3.750,2.500,2.500,3.000,1,young
11,15,0.600,Scooter,2,A,1.011,19.859,1.043,-0.447,0.149,0.084,0.281,../cleaned/15/15-2ScooterBike6A_20251106_083803_11.csv,62,Female,0.500,0.750,0.500,0.500,2.500,3.500,3.500,4.000,1,adult
14,15,0.600,Scooter,2,A,0.937,22.535,0.908,-0.177,0.268,0.127,0.286,../cleaned/15/15-2ScooterBike6A_20251106_164519_14.csv,20,Female,2.250,1.250,1.250,0.000,4.000,4.000,4.500,2.000,0,young
6,15,0.600,Scooter,2,A,1.078,21.794,1.193,-0.168,0.122,0.071,0.301,../cleaned/15/15-2ScooterBike6A_20251031_122738_6.csv,30,Female,0.500,0.000,0.000,0.000,4.750,1.000,1.000,0.000,1,young
24,15,0.600,Scooter,2,A,1.084,23.107,0.891,-0.151,0.101,0.064,0.316,../cleaned/15/15-2ScooterBike6A_20251112_134218_24.csv,32,Male,0.250,0.250,0.000,0.000,3.500,1.000,3.000,0.000,0,young
22,15,0.600,Scooter,2,A,0.975,12.610,1.066,-0.166,0.104,0.058,0.279,../cleaned/15/15-2ScooterBike6A_20251104_150649_22.csv,29,Female,3.000,2.000,2.000,0.500,2.750,7.500,6.500,18.500,1,young
25,16,0.600,Scooter,2,B,1.219,23.034,1.251,-0.102,0.131,0.064,0.312,../cleaned/16/16-2ScooterBike6B_20251112_112537_25.csv,39,Male,1.000,0.750,0.000,0.750,4.000,6.500,5.000,7.000,1,adult
7,16,0.600,Scooter,2,B,0.996,24.641,1.283,-0.194,0.081,0.074,0.279,../cleaned/16/16-2ScooterBike6B_20251107_142007_7.csv,21,Male,3.250,1.500,0.750,0.250,3.000,6.000,6.500,15.000,1,young
23,16,0.600,Scooter,2,B,1.127,19.721,1.079,-0.181,0.124,0.060,0.331,../cleaned/16/16-2ScooterBike6B_20251110_161311_23.csv,27,Male,3.500,0.750,0.000,0.000,3.250,4.000,4.000,3.000,1,young
22,16,0.600,Scooter,2,B,0.869,21.633,1.149,-0.214,0.111,0.082,0.248,../cleaned/16/16-2ScooterBike6B_20251104_151019_22.csv,29,Female,3.000,2.000,2.000,0.500,2.750,8.000,6.500,17.000,1,young
18,16,0.600,Scooter,2,B,1.071,21.926,1.202,-0.318,0.133,0.082,0.311,../cleaned/16/16-2ScooterBike6B_20251107_121103_18.csv,37,Female,1.500,0.000,0.000,0.000,3.750,4.000,5.000,5.000,1,adult
32,16,0.600,Scooter,2,B,1.078,13.902,1.201,-0.283,0.109,0.070,0.293,../cleaned/16/16-2ScooterBike6B_20251110_085644_32.csv,20,Female,4.000,2.500,3.000,0.500,2.250,7.000,7.500,13.000,1,young
2,16,0.600,Scooter,2,B,0.930,21.368,0.882,-0.152,0.076,0.051,0.246,../cleaned/16/16-2ScooterBike6B_20251030_121458_2.csv,55,Male,2.000,0.750,0.250,0.000,4.000,1.000,1.000,0.000,0,adult
30,16,0.600,Scooter,2,B,1.052,13.891,1.069,-0.231,0.098,0.059,0.312,../cleaned/16/16-2ScooterBike6B_20251111_111605_30.csv,49,Female,0.250,0.250,0.000,0.000,3.000,1.500,1.500,0.500,1,adult
13,16,0.600,Scooter,2,B,1.051,19.749,1.370,-0.152,0.171,0.059,0.270,../cleaned/16/16-2ScooterBike6B_20251106_143646_13.csv,51,Female,2.750,1.250,0.750,0.500,4.750,2.000,2.500,20.000,0,adult
12,16,0.600,Scooter,2,B,1.363,17.589,1.175,-0.237,0.161,0.097,0.367,../cleaned/16/16-2ScooterBike6B_20251105_163234_12.csv,60,Female,3.500,1.000,0.000,0.750,2.750,4.000,3.500,4.000,0,adult
20,16,0.600,Scooter,2,B,1.080,14.368,1.036,-0.174,0.130,0.065,0.303,../cleaned/16/16-2ScooterBike6B_20251106_122310_20.csv,39,Male,3.000,0.750,0.000,1.250,3.500,3.500,3.500,4.500,0,adult
1,16,0.600,Scooter,2,B,1.008,23.729,1.153,-0.115,0.062,0.053,0.297,../cleaned/16/16-2ScooterBike6B_20251029_175936_1.csv,30,Male,2.750,0.750,0.250,0.750,3.250,3.000,3.500,7.000,0,young
1,16,0.600,Scooter,2,B,1.065,23.551,1.085,-0.288,0.179,0.105,0.280,../cleaned/16/16-2ScooterBike6B_20251029_184755_1.csv,30,Male,2.750,0.750,0.250,0.750,3.250,3.000,3.500,7.000,0,young
29,16,0.600,Scooter,2,B,1.173,18.914,0.930,-0.326,0.199,0.108,0.342,../cleaned/16/16-2ScooterBike6B_20251111_164445_29.csv,35,Female,1.750,0.500,0.000,0.250,4.000,2.500,3.000,1.500,1,adult
25,16,0.600,Scooter,2,B,1.269,24.572,1.315,-0.092,0.032,0.039,0.345,../cleaned/16/16-2ScooterBike6B_20251112_115624_25.csv,39,Male,1.000,0.750,0.000,0.750,4.000,6.500,5.000,7.000,1,adult
20,16,0.600,Scooter,2,B,1.061,20.026,1.059,-0.115,0.100,0.044,0.286,../cleaned/16/16-2ScooterBike6B_20251106_124851_20.csv,39,Male,3.000,0.750,0.000,1.250,3.500,3.500,3.500,4.500,0,adult
27,16,0.600,Scooter,2,B,0.879,14.401,1.126,-0.064,0.130,0.045,0.249,../cleaned/16/16-2ScooterBike6B_20251110_140503_27.csv,34,Male,1.250,0.250,0.000,0.000,4.000,5.000,6.000,2.000,1,young
12,16,0.600,Scooter,2,B,1.079,16.539,1.301,-0.141,0.117,0.065,0.303,../cleaned/16/16-2ScooterBike6B_20251105_161755_12.csv,60,Female,3.500,1.000,0.000,0.750,2.750,4.000,3.500,4.000,0,adult
29,16,0.600,Scooter,2,B,0.980,13.778,1.101,-0.235,0.133,0.083,0.292,../cleaned/16/16-2ScooterBike6B_20251111_162451_29.csv,35,Female,1.750,0.500,0.000,0.250,4.000,2.500,3.000,1.500,1,adult
10,16,0.600,Scooter,2,B,0.912,13.215,0.809,-0.271,0.283,0.110,0.263,../cleaned/16/16-2ScooterBike6B_20251104_123326_10.csv,26,Male,1.500,0.750,0.000,0.250,2.250,2.000,2.000,1.500,0,young
18,16,0.600,Scooter,2,B,1.169,22.703,1.273,-0.151,0.115,0.098,0.300,../cleaned/16/16-2ScooterBike6B_20251107_122946_18.csv,37,Female,1.500,0.000,0.000,0.000,3.750,4.000,5.000,5.000,1,adult
8,16,0.600,Scooter,2,B,1.039,22.672,1.052,-0.093,0.215,0.072,0.303,../cleaned/16/16-2ScooterBike6B_20251104_153123_8.csv,24,Male,2.750,1.250,1.750,0.000,2.250,5.500,3.500,2.500,0,young
28,16,0.600,Scooter,2,B,1.047,24.452,1.226,-0.264,0.204,0.084,0.285,../cleaned/16/16-2ScooterBike6B_20251105_090808_28.csv,25,Male,4.250,2.000,0.000,2.250,0.750,2.000,1.000,1.000,1,young
9,16,0.600,Scooter,2,B,1.098,20.469,1.154,-0.096,0.106,0.051,0.310,../cleaned/16/16-2ScooterBike6B_20251104_084405_9.csv,41,Male,3.250,0.750,0.250,0.250,2.750,3.000,3.000,2.000,1,adult
24,16,0.600,Scooter,2,B,0.951,23.250,1.104,-0.118,0.088,0.051,0.261,../cleaned/16/16-2ScooterBike6B_20251112_135827_24.csv,32,Male,0.250,0.250,0.000,0.000,3.500,3.000,3.000,0.000,0,young
10,16,0.600,Scooter,2,B,0.839,14.115,0.885,-0.262,0.113,0.058,0.246,../cleaned/16/16-2ScooterBike6B_20251104_125633_10.csv,26,Male,1.500,0.750,0.000,0.250,2.250,2.000,2.000,1.500,0,young
23,16,0.600,Scooter,2,B,1.002,24.080,1.025,-0.062,0.199,0.056,0.274,../cleaned/16/16-2ScooterBike6B_20251110_163133_23.csv,27,Male,3.500,0.750,0.000,0.000,3.250,4.000,4.000,3.000,1,young
31,16,0.600,Scooter,2,B,1.080,22.891,0.935,-0.158,0.223,0.067,0.338,../cleaned/16/16-2ScooterBike6B_20251111_094359_31.csv,34,Female,1.000,0.250,0.000,0.000,2.250,3.000,2.500,2.000,0,young
8,16,0.600,Scooter,2,B,0.982,25.829,1.170,-0.312,0.187,0.097,0.292,../cleaned/16/16-2ScooterBike6B_20251104_155515_8.csv,24,Male,2.750,1.250,1.750,0.000,2.250,5.500,3.500,2.500,0,young
32,16,0.600,Scooter,2,B,1.162,14.667,1.222,-0.265,0.181,0.118,0.329,../cleaned/16/16-2ScooterBike6B_20251110_091850_32.csv,20,Female,4.000,2.500,3.000,0.500,2.250,7.000,7.500,13.000,1,young
26,16,0.600,Scooter,2,B,1.116,17.089,0.770,-0.097,0.129,0.055,0.325,../cleaned/16/16-2ScooterBike6B_20251111_141327_26.csv,32,Female,2.500,0.750,0.250,0.500,3.500,4.000,4.000,6.500,1,young
13,16,0.600,Scooter,2,B,1.146,15.586,1.457,-0.306,0.097,0.070,0.295,../cleaned/16/16-2ScooterBike6B_20251106_144954_13.csv,51,Female,2.750,1.250,0.750,0.500,4.750,2.000,2.500,20.000,0,adult
9,16,0.600,Scooter,2,B,1.034,16.795,1.168,-0.169,0.053,0.047,0.311,../cleaned/16/16-2ScooterBike6B_20251104_085650_9.csv,41,Male,3.250,0.750,0.250,0.250,2.750,3.000,3.000,2.000,1,adult
30,16,0.600,Scooter,2,B,1.031,13.335,1.082,-0.187,0.185,0.079,0.305,../cleaned/16/16-2ScooterBike6B_20251111_113144_30.csv,49,Female,0.250,0.250,0.000,0.000,3.000,1.500,1.500,0.500,1,adult
21,16,0.600,Scooter,2,B,0.926,10.720,0.960,-0.268,0.370,0.129,0.274,../cleaned/16/16-2ScooterBike6B_20251110_105009_21.csv,40,Female,1.333,0.750,0.000,0.000,3.000,4.500,4.500,4.500,0,adult
11,16,0.600,Scooter,2,B,0.889,19.707,1.071,-0.442,0.149,0.104,0.263,../cleaned/16/16-2ScooterBike6B_20251106_085350_11.csv,62,Female,0.500,0.750,0.500,0.500,2.500,3.500,4.000,4.500,1,adult
7,16,0.600,Scooter,2,B,1.152,24.674,1.151,-0.152,0.356,0.106,0.321,../cleaned/16/16-2ScooterBike6B_20251107_144810_7.csv,21,Male,3.250,1.500,0.750,0.250,3.000,6.000,6.500,15.000,1,young
17,16,0.600,Scooter,2,B,0.898,20.179,1.392,-0.052,0.061,0.024,0.230,../cleaned/16/16-2ScooterBike6B_20251104_161933_17.csv,25,Male,1.250,1.000,0.000,0.250,3.250,4.500,3.000,2.500,1,young
28,16,0.600,Scooter,2,B,1.124,24.699,1.099,-0.450,0.131,0.114,0.304,../cleaned/16/16-2ScooterBike6B_20251105_084939_28.csv,25,Male,4.250,2.000,0.000,2.250,0.750,2.000,1.000,1.000,1,young
27,16,0.600,Scooter,2,B,0.761,23.880,1.096,-0.104,0.092,0.041,0.227,../cleaned/16/16-2ScooterBike6B_20251110_143454_27.csv,34,Male,1.250,0.250,0.000,0.000,4.000,5.000,6.000,2.000,1,young
11,16,0.600,Scooter,2,B,1.007,19.862,1.044,-0.273,0.156,0.121,0.292,../cleaned/16/16-2ScooterBike6B_20251106_083527_11.csv,62,Female,0.500,0.750,0.500,0.500,2.500,3.500,4.000,4.500,1,adult
16,16,0.600,Scooter,2,B,1.024,20.499,1.457,-0.337,0.524,0.137,0.283,../cleaned/16/16-2ScooterBike6B_20251107_164538_16.csv,36,Male,2.500,0.500,0.250,0.000,2.500,1.000,1.000,0.000,1,adult
6,16,0.600,Scooter,2,B,1.038,19.723,1.141,-0.102,0.103,0.049,0.287,../cleaned/16/16-2ScooterBike6B_20251031_122352_6.csv,30,Female,0.500,0.000,0.000,0.000,4.750,2.000,2.500,2.000,1,young
4,16,0.600,Scooter,2,B,0.881,15.187,0.992,-0.173,0.108,0.060,0.258,../cleaned/16/16-2ScooterBike6B_20251030_164821_4.csv,47,Male,1.750,2.000,1.000,1.000,2.750,2.500,2.500,1.500,1,adult
16,16,0.600,Scooter,2,B,1.025,24.425,1.222,-0.159,0.147,0.077,0.284,../cleaned/16/16-2ScooterBike6B_20251107_162332_16.csv,36,Male,2.500,0.500,0.250,0.000,2.500,1.000,1.000,0.000,1,adult
5,16,0.600,Scooter,2,B,1.322,23.291,0.992,-0.285,0.178,0.089,0.398,../cleaned/16/16-2ScooterBike6B_20251031_115437_5.csv,53,Female,1.000,0.750,1.500,0.000,2.500,3.000,3.000,1.500,0,adult
5,16,0.600,Scooter,2,B,1.307,17.181,0.772,-0.443,0.191,0.095,0.394,../cleaned/16/16-2ScooterBike6B_20251031_105708_5.csv,53,Female,1.000,0.750,1.500,0.000,2.500,3.000,3.000,1.500,0,adult
22,16,0.600,Scooter,2,B,1.029,20.300,0.963,-0.137,0.174,0.082,0.302,../cleaned/16/16-2ScooterBike6B_20251104_144411_22.csv,29,Female,3.000,2.000,2.000,0.500,2.750,8.000,6.500,17.000,1,young
14,16,0.600,Scooter,2,B,1.254,23.024,0.927,-0.436,0.387,0.147,0.356,../cleaned/16/16-2ScooterBike6B_20251106_164614_14.csv,20,Female,2.250,1.250,1.250,0.000,4.000,4.500,4.000,2.500,0,young
3,16,0.600,Scooter,2,B,1.332,25.237,1.226,-0.474,0.206,0.126,0.394,../cleaned/16/16-2ScooterBike6B_20251030_145230_3.csv,23,Male,2.500,0.750,0.500,0.500,3.750,3.000,3.500,3.500,1,young
21,16,0.600,Scooter,2,B,1.021,21.283,0.922,-0.217,0.235,0.090,0.296,../cleaned/16/16-2ScooterBike6B_20251110_110804_21.csv,40,Female,1.333,0.750,0.000,0.000,3.000,4.500,4.500,4.500,0,adult
3,16,0.600,Scooter,2,B,1.161,10.909,1.250,-0.229,0.089,0.084,0.343,../cleaned/16/16-2ScooterBike6B_20251030_142328_3.csv,23,Male,2.500,0.750,0.500,0.500,3.750,3.000,3.500,3.500,1,young
17,16,0.600,Scooter,2,B,0.843,17.148,1.475,-0.070,0.107,0.046,0.234,../cleaned/16/16-2ScooterBike6B_20251104_165359_17.csv,25,Male,1.250,1.000,0.000,0.250,3.250,4.500,3.000,2.500,1,young
31,16,0.600,Scooter,2,B,0.993,19.231,0.809,-0.127,0.111,0.057,0.322,../cleaned/16/16-2ScooterBike6B_20251111_092431_31.csv,34,Female,1.000,0.250,0.000,0.000,2.250,3.000,2.500,2.000,0,young
6,16,0.600,Scooter,2,B,0.759,23.448,1.101,-0.234,0.430,0.163,0.229,../cleaned/16/16-2ScooterBike6B_20251031_123830_6.csv,30,Female,0.500,0.000,0.000,0.000,4.750,2.000,2.500,2.000,1,young
26,16,0.600,Scooter,2,B,1.172,18.785,0.726,-0.186,0.123,0.069,0.343,../cleaned/16/16-2ScooterBike6B_20251111_134658_26.csv,32,Female,2.500,0.750,0.250,0.500,3.500,4.000,4.000,6.500,1,young